Définition d'une proposition logique :;Une phrase qui est soit vraie, soit fausse (et pas les deux);Une formule mathématique contenant une variable libre;Une assertion toujours vraie quel que soit le contexte;Une égalité entre deux expressions algébriques;
Définition d'un axiome :;Une proposition qu'une théorie tient pour vraie sans justification comme point de départ;Un résultat majeur démontré à partir de lemmes;Une propriété déduite par un calcul;Une conjecture admise temporairement;
Définition d'un théorème :;Toute proposition d'une théorie que l'on a pu démontrer à partir de ses axiomes;Une hypothèse indémontrable mais intuitive;Une définition formelle d'un ensemble de nombres;La réciproque d'une règle de calcul;
Définition d'un lemme :;Un théorème préparatoire à la démonstration d'un plus gros théorème;Une conséquence directe et immédiate d'un théorème;Un théorème équivalent à sa propre négation;Une proposition fausse servant de contre-exemple;
Définition d'un corollaire :;Un théorème qui est une conséquence presque immédiate d'un plus gros théorème;Une hypothèse préliminaire avant récurrence;Un résultat intermédiaire sans importance;La contraposée d'une définition;
Définition d'une caractérisation :;Un théorème donnant une condition équivalente à la définition d'une notion;Une condition suffisante mais non nécessaire;Une généralisation d'un résultat particulier;La forme développée d'une formule;
Table de vérité du connecteur logique 'Non p' (noté \(\neg p\)) :;\(\neg p\) est vraie si \(p\) est fausse, et fausse si \(p\) est vraie;\(\neg p\) est toujours fausse;\(\neg p\) est vraie si et seulement si \(p\) est indécidable;\(\neg p\) a la même valeur de vérité que \(p\);
Table de vérité du connecteur logique 'p et q' :;Vraie si \(p\) et \(q\) sont toutes les deux vraies, et fausse sinon;Vraie si au moins l'une des deux propositions est vraie;Fausse uniquement lorsque \(p\) et \(q\) sont fausses;Vraie uniquement si \(p\) implique \(q\);
Table de vérité du connecteur logique 'p ou q' :;Vraie si l'une AU MOINS des propositions est vraie (éventuellement les deux), fausse si les deux sont fausses;Vraie si exactement l'une des deux est vraie (ou exclusif);Vraie uniquement si \(p\) et \(q\) sont vraies;Fausse dès que l'une des propositions est fausse;
Valeur logique de la contradiction \(p \text{ et } \neg p\) :;Toujours fausse;Toujours vraie;Dépend de la valeur de vérité de \(p\);Vraie si \(p\) est indécidable;
Valeur logique du tiers exclu \(p \text{ ou } \neg p\) :;Toujours vraie;Toujours fausse;Vraie uniquement si \(p\) est démontrable;Fausse dans une logique non constructive;
Règle de négation : \(\neg (\neg p) \iff \dots\);\(p\);\(\neg p\);Vrai;Faux;
Lois de Morgan pour les propositions : \(\neg (p \text{ et } q) \iff \dots\);\((\neg p) \text{ ou } (\neg q)\);\((\neg p) \text{ et } (\neg q)\);\(p \text{ ou } q\);\(\neg p \implies \neg q\);
Lois de Morgan pour les propositions : \(\neg (p \text{ ou } q) \iff \dots\);\((\neg p) \text{ et } (\neg q)\);\((\neg p) \text{ ou } (\neg q)\);\(p \text{ et } q\);\(\neg p \implies q\);
Définition de l'implication \(p \implies q\) :;Fausse dans le seul cas où \(p\) est vraie et \(q\) est fausse (vraie sinon);Vraie uniquement si \(p\) et \(q\) sont vraies;Fausse dès que \(p\) est fausse;Équivalente à \(p \text{ et } q\);
Définition de l'équivalence \(p \iff q\) :;Vraie si \(p\) et \(q\) ont la même valeur de vérité, fausse sinon;Vraie uniquement si \(p\) et \(q\) sont vraies simultanément;Fausse si \(p\) et \(q\) sont toutes les deux fausses;Équivalente à \(p \implies q\);
Condition nécessaire vs condition suffisante dans \(p \implies q\) :;\(p\) est condition suffisante pour \(q\), et \(q\) est condition nécessaire pour \(p\);\(p\) est condition nécessaire pour \(q\), et \(q\) est condition suffisante pour \(p\);\(p\) et \(q\) sont toutes deux nécessaires et suffisantes;\(p\) est nécessaire mais jamais suffisante;
Définition de la réciproque de \(p \implies q\) :;\(q \implies p\);\(\neg p \implies \neg q\);\(\neg q \implies \neg p\);\(p \iff q\);
Définition de la contraposée de \(p \implies q\) :;\(\neg q \implies \neg p\);\(q \implies p\);\(\neg p \implies \neg q\);\(p \text{ et } \neg q\);
Théorème d'équivalence de la contraposée :;\((p \implies q) \iff (\neg q \implies \neg p)\);\((p \implies q) \iff (q \implies p)\);\((p \implies q) \iff (\neg p \implies \neg q)\);\((p \implies q) \implies (q \implies p)\);
Théorème de négation de l'implication : \(\neg (p \implies q) \iff \dots\);\(p \text{ et } (\neg q)\);\(\neg p \implies \neg q\);\(\neg p \text{ ou } q\);\(p \implies \neg q\);
Négation du quantificateur universel : \(\neg (\forall x \in E, p(x)) \iff \dots\);\(\exists x \in E, \neg p(x)\);\(\forall x \in E, \neg p(x)\);\(\exists x \notin E, p(x)\);\(\forall x \notin E, \neg p(x)\);
Négation du quantificateur existentiel : \(\neg (\exists x \in E, p(x)) \iff \dots\);\(\forall x \in E, \neg p(x)\);\(\exists x \in E, \neg p(x)\);\(\forall x \notin E, p(x)\);\(\exists! x \in E, \neg p(x)\);
Définition du quantificateur d'unicité \(\exists! x \in E, p(x)\) :;Il existe un unique élément \(x \in E\) pour lequel \(p(x)\) est vraie;Pour tout \(x \in E\), \(p(x)\) est vraie;Il existe au moins un \(x \in E\) vérifiant \(p(x)\);L'ensemble des \(x\) vérifiant \(p(x)\) est infini;
Permutation de quantificateurs de natures différentes :;\(\forall x, \exists y, p(x,y)\) et \(\exists y, \forall x, p(x,y)\) ne sont pas équivalents (dans le 1er cas \(y\) dépend de \(x\));On peut toujours permuter \(\forall\) et \(\exists\) sans changer le sens;\(\forall x, \exists y, p(x,y)\) implique toujours que \(y\) est constant;La permutation n'est autorisée que sur des ensembles finis;
Définition de l'ensemble des parties d'un ensemble \(E\), noté \(\mathcal{P}(E)\) :;\(\mathcal{P}(E) = \{A \mid A \subset E\}\);\(\mathcal{P}(E) = \{x \mid x \in E\}\);\(\mathcal{P}(E) = \{A \subset E \mid A \neq \emptyset\}\);\(\mathcal{P}(E) = E^n\);
Cardinal de l'ensemble des parties \(|\mathcal{P}(E)|\) d'un ensemble fini de cardinal \(n\) :;\(2^n\);\(n^2\);\(n!\);\(2n\);
Définition de l'inclusion \(E \subset F\) :;\(\forall x, x \in E \implies x \in F\);\(\forall x, x \in F \implies x \in E\);\(\exists x \in E, x \in F\);\(E = F\);
Caractérisation de l'égalité de deux ensembles par double inclusion :;\(E = F \iff (E \subset F \text{ et } F \subset E)\);\(E = F \iff (E \cup F = E)\);\(E = F \iff |E| = |F|\);\(E = F \iff E \cap F \neq \emptyset\);
Définition de la réunion \(A \cup B\) :;\(A \cup B = \{x \mid x \in A \text{ ou } x \in B\}\);\(A \cup B = \{x \mid x \in A \text{ et } x \in B\}\);\(A \cup B = \{x \in A \mid x \notin B\}\);\(A \cup B = \{(x,y) \mid x \in A, y \in B\}\);
Définition de l'intersection \(A \cap B\) :;\(A \cap B = \{x \mid x \in A \text{ et } x \in B\}\);\(A \cap B = \{x \mid x \in A \text{ ou } x \in B\}\);\(A \cap B = A \setminus B\);\(A \cap B = \mathcal{P}(A \cup B)\);
Définition de la différence \(A \setminus B\) (ou \(A \setminus B\)) :;\(A \setminus B = \{x \mid x \in A \text{ et } x \notin B\}\);\(A \setminus B = \{x \mid x \in B \text{ et } x \notin A\}\);\(A \setminus B = A \cap B\);\(A \setminus B = (A \cup B)^c\);
Définition du complémentaire \(A^c\) de \(A\) dans \(E\) (avec \(A \subset E\)) :;\(A^c = E \setminus A = \{x \in E \mid x \notin A\}\);\(A^c = \{x \in A \mid x \notin E\}\);\(A^c = E \cup A\);\(A^c = \mathcal{P}(E) \setminus A\);
Définition de deux ensembles disjoints :;\(A \cap B = \emptyset\);\(A \cup B = \emptyset\);\(A \subset B^c\) et \(A = B\);\(|A| + |B| = 0\);
Définition d'une partition d'un ensemble \(E\) :;Une famille \(\{A_i\}_{i \in I}\) de parties non vides de \(E\), 2 à 2 disjointes, t.q. \(\bigcup_{i \in I} A_i = E\);Une famille de sous-ensembles dont l'intersection globale est \(E\);Une décomposition de \(E\) en deux singletons;L'ensemble de tous les sous-ensembles de \(E\);
Lois de De Morgan pour les ensembles : \((A \cup B)^c = \dots\) et \((A \cap B)^c = \dots\);\((A \cup B)^c = A^c \cap B^c\) et \((A \cap B)^c = A^c \cup B^c\);\((A \cup B)^c = A^c \cup B^c\) et \((A \cap B)^c = A^c \cap B^c\);\((A \cup B)^c = A \cap B\);\((A \cap B)^c = A \setminus B\);
Distributivité de l'intersection sur la réunion : \((A \cup B) \cap C = \dots\);\((A \cap C) \cup (B \cap C)\);\((A \cup C) \cap (B \cup C)\);\((A \cap B) \cup C\);\(A \cap B \cap C\);
Distributivité de la réunion sur l'intersection : \((A \cap B) \cup C = \dots\);\((A \cup C) \cap (B \cup C)\);\((A \cap C) \cup (B \cap C)\);\((A \cup B) \cap C\);\(A \cup B \cup C\);
Définition du produit cartésien \(E_1 \times E_2 \times \dots \times E_n\) :;\(\{(x_1, \dots, x_n) \mid \forall i \in \{1..n\}, x_i \in E_i\}\);\(\{x_1 + \dots + x_n \mid x_i \in E_i\}\);\(\{x \mid x \in E_1 \text{ ou } \dots \text{ ou } x \in E_n\}\);\(\mathcal{P}(E_1 \cup \dots \cup E_n)\);
Principe du raisonnement par déduction pour montrer \(p \implies q\) :;On suppose que \(p\) est vraie et on montre qu'alors \(q\) est vraie;On montre que \(q\) est vraie pour en déduire \(p\);On suppose \(q\) fausse et on montre que \(p\) est vraie;On suppose que \(p\) et \(q\) sont fausses;
Principe du raisonnement par disjonction de cas pour une variable \(x \in E \cup F\) :;On montre séparément que \(p(x)\) est vraie pour \(x \in E\), puis que \(p(x)\) est vraie pour \(x \in F\);On montre que \(E \cap F = \emptyset\);On suppose que \(x \in E\) implique \(x \notin F\);On choisit un seul cas particulier représentatif;
Principe du raisonnement par contraposition pour montrer \(p \implies q\) :;On suppose que \(q\) est fausse et on démontre que \(p\) est fausse (\(\neg q \implies \neg p\));On suppose que \(p\) est fausse et on montre que \(q\) est fausse;On suppose que \(p\) est vraie et \(q\) est vraie;On démontre que \(q \implies p\);
Principe du raisonnement par l'absurde pour montrer \(p\) vraie :;On suppose que \(p\) est fausse et on cherche à aboutir à une contradiction;On suppose que \(p\) est vraie et on calcule sa dérivée;On montre que \(\neg p \implies p\) pour une valeur isolée;On vérifie que \(p\) est vraie par récurrence;
Principe du raisonnement par analyse-synthèse :;"1. Analyse : établir les conditions nécessaires que vérifie une solution ; 2. Synthèse : tester ces candidates";"1. Poser \(p(0)\) ; 2. Prouver \(p(n+1)\)";"1. Nier la conclusion ; 2. Déduire une contradiction";"1. Décomposer en somme directe ; 2. Calculer la dimension";
Principe de la récurrence simple :;"1. Initialisation : \(p(n_0)\) vraie ; 2. Hérédité : \(\forall n \ge n_0, p(n) \implies p(n+1)\)";"1. \(p(n_0)\) vraie ; 2. \(\forall n, p(n+1) \implies p(n)\)";Vérifier \(p(n)\) pour les 10 premières valeurs de \(n\);Montrer que \(\lim_{n \to \infty} p(n) = 1\);
Principe de la récurrence forte :;Initialiser en \(n_0\), puis supposer \(p(n_0), p(n_0+1), \dots, p(n)\) vraies pour prouver \(p(n+1)\);Prouver \(p(n) \implies p(n+2)\) pour tout \(n\);Supposer la propriété vraie pour tout \(n \in \mathbb{N}\) dès l'initialisation;Montrer que la propriété est invariante par passage à la limite;
Translation d'indice dans une somme : \(\sum_{k=p+1}^{p+n} a_k = \dots\);\(\sum_{k=1}^n a_{k+p}\);\(\sum_{k=1}^n a_{k-p}\);\(\sum_{k=p}^n a_k\);\(\sum_{k=0}^{n-1} a_{k+p}\);
Symétrie d'indice dans une somme : \(\sum_{k=0}^n a_{n-k} = \dots\);\(\sum_{k=0}^n a_k\);\(\sum_{k=0}^n a_{k-n}\);\(-\sum_{k=0}^n a_k\);\(\sum_{k=1}^{n+1} a_k\);
Formule de la somme télescopique : \(\sum_{k=0}^n (a_{k+1} - a_k) = \dots\);\(a_{n+1} - a_0\);\(a_n - a_0\);\(a_{n+1} - a_1\);\(a_n - a_1\);
Interversion de sommes finies indépendantes : \(\sum_{i=1}^n \sum_{j=1}^p a_{i,j} = \dots\);\(\sum_{j=1}^p \sum_{i=1}^n a_{i,j}\);\(\left(\sum_{i=1}^n a_{i,j}\right) + \left(\sum_{j=1}^p a_{i,j}\right)\);\(\sum_{k=1}^{n+p} a_{k,k}\);\(\sum_{i=1}^n a_{i,i} \times \sum_{j=1}^p a_{j,j}\);
Interversion dans une somme triangulaire : \(\sum_{k=1}^n \sum_{i=1}^k a_{i,k} = \dots\);\(\sum_{i=1}^n \sum_{k=i}^n a_{i,k}\);\(\sum_{i=1}^n \sum_{k=1}^n a_{i,k}\);\(\sum_{k=1}^n \sum_{i=k}^n a_{i,k}\);\(\sum_{i=1}^k \sum_{k=1}^n a_{i,k}\);
Produit de deux sommes finies : \(\left(\sum_{i=1}^n a_i\right) \times \left(\sum_{j=1}^p b_j\right) = \dots\);\(\sum_{1 \le i \le n, 1 \le j \le p} a_i b_j\);\(\sum_{i=1}^{\min(n,p)} a_i b_i\);\(\sum_{i=1}^n a_i b_i\);\(\sum_{i=1}^n a_i + \sum_{j=1}^p b_j\);
Définition de la valeur absolue d'un réel \(x\) :;Le plus grand des réels \(x\) et \(-x\) (noté \(|x|\));Le réel \(x\) si \(x \le 0\), et \(-x\) si \(x > 0\);L'entier le plus proche de \(x\);Le carré \(x^2\);
Propriété d'homogénéité (facteur d'échelle) de la valeur absolue :;\(\forall x, y \in \mathbb{R}, |xy| = |x||y|\);\(\forall x, y \in \mathbb{R}, |xy| = |x| + |y|\);\(\forall x, y \in \mathbb{R}, |xy| \le |x||y|\);\(\forall x, y \in \mathbb{R}, |xy| = x^2 y^2\);
Propriété de l'inégalité triangulaire pour les réels :;\(\forall x, y \in \mathbb{R}, |x + y| \le |x| + |y|\);\(\forall x, y \in \mathbb{R}, |x + y| \ge |x| + |y|\);\(\forall x, y \in \mathbb{R}, |x + y| = |x| + |y|\);\(\forall x, y \in \mathbb{R}, |x + y| \le |x - y|\);
Inégalité triangulaire inversée dans \(\mathbb{R}\) :;\(\forall x, y \in \mathbb{R}, \big||x| - |y|\big| \le |x - y|\);\(\forall x, y \in \mathbb{R}, |x - y| \le |x| - |y|\);\(\forall x, y \in \mathbb{R}, ||x| - |y|| \ge |x - y|\);\(\forall x, y \in \mathbb{R}, |x - y| = |x| + |y|\);
Majoration par valeur absolue : \(|x| \le M \iff \dots\) (avec \(M \ge 0\));\(-M \le x \le M\);\(x \le M\);\(x \ge -M\);\(x \le -M \text{ ou } x \ge M\);
Minoration par valeur absolue : \(|x| \ge M \iff \dots\) (avec \(M \ge 0\));\(x \ge M \text{ ou } x \le -M\);\(-M \le x \le M\);\(x \ge M \text{ et } x \le -M\);\(x = M\);
Définition de la partie entière \(E(x)\) d'un réel \(x\) :;L'unique entier relatif vérifiant : \(E(x) \le x < E(x) + 1\);L'unique entier relatif vérifiant : \(E(x) < x \le E(x) + 1\);Le plus grand entier strictement supérieur à \(x\);L'arrondi de \(x\) à l'entier le plus proche;
Définition d'un majorant \(M\) d'un sous-ensemble \(X \subset \mathbb{R}\) :;\(\forall x \in X, x \le M\);\(\exists x \in X, x \le M\);\(\forall x \in X, x < M\);\(M \in X \text{ et } \forall x \in X, x \le M\);
Définition d'un ensemble borné dans \(\mathbb{R}\) :;Un ensemble à la fois borné supérieurement et borné inférieurement;Un ensemble fini;Un intervalle fermé;Un ensemble ne contenant pas 0;
Définition du plus grand élément (maximum) d'une partie \(X \subset \mathbb{R}\) :;Un élément \(x_M \in X\) tel que \(\forall x \in X, x \le x_M\);Le plus petit des majorants de \(X\), même s'il n'est pas dans \(X\);Un majorant quelconque de \(X\);La borne supérieure si celle-ci vaut \(+\infty\);
Définition de la borne supérieure \(\sup(X)\) d'une partie non vide \(X \subset \mathbb{R}\) :;Le plus petit des majorants de \(X\);Le plus grand élément de \(X\);Un majorant appartenant obligatoirement à \(X\);La limite de tous les éléments de \(X\);
Définition de la borne inférieure \(\inf(X)\) d'une partie non vide \(X \subset \mathbb{R}\) :;Le plus grand des minorants de \(X\);Le plus petit élément de \(X\);Un minorant appartenant obligatoirement à \(X\);La valeur minimale atteinte en 0;
Caractérisation de la borne supérieure \(M = \sup(X)\) par \(\varepsilon\) :;1. \(\forall x \in X, x \le M\) et 2. \(\forall \varepsilon > 0, \exists x \in X, M - \varepsilon < x\);1. \(M \in X\) et 2. \(\forall x \in X, x \le M\);1. \(\forall x \in X, x < M\) et 2. \(M = \lim X\);\(\forall \varepsilon > 0, \exists x \in X, |x - M| < \varepsilon^2\);
Caractérisation de la borne inférieure \(m = \inf(X)\) par \(\varepsilon\) :;1. \(\forall x \in X, x \ge m\) et 2. \(\forall \varepsilon > 0, \exists x \in X, m + \varepsilon > x\);1. \(m \in X\) et 2. \(\forall x \in X, x \ge m\);\(\forall x \in X, x > m\);\(m = -\sup(X)\);
Proposition fondamentale de la borne supérieure dans \(\mathbb{R}\) :;Toute partie non vide et majorée de \(\mathbb{R}\) admet une borne supérieure dans \(\mathbb{R}\);Toute partie de \(\mathbb{R}\) admet un plus grand élément;Toute partie non vide de \(\mathbb{Q}\) admet une borne supérieure dans \(\mathbb{Q}\);La borne supérieure d'un ensemble est toujours un nombre rationnel;
Proposition fondamentale de la borne inférieure dans \(\mathbb{R}\) :;Toute partie non vide et minorée de \(\mathbb{R}\) admet une borne inférieure dans \(\mathbb{R}\);Toute partie minorée admet un minimum;La borne inférieure est toujours négative;Toute suite décroissante admet une borne inférieure nulle;
Définition de la forme algébrique d'un complexe \(z \in \mathbb{C}\) :;\(z = a + ib\) avec \(a, b \in \mathbb{R}\) uniques et \(i^2 = -1\);\(z = a + ib\) avec \(a, b \in \mathbb{C}\);\(z = r e^{i\theta}\);\(z = a^2 + b^2\);
Caractérisation des nombres réels et imaginaires purs dans \(\mathbb{C}\) :;\(z \in \mathbb{R} \iff \text{Im}(z) = 0\) et \(z \in i\mathbb{R} \iff \text{Re}(z) = 0\);\(z \in \mathbb{R} \iff \text{Re}(z) = 0\) et \(z \in i\mathbb{R} \iff \text{Im}(z) = 0\);\(z \in \mathbb{R} \iff |z| = 1\);\(z \in i\mathbb{R} \iff z^2 > 0\);
Peut-on comparer deux nombres complexes non réels par une relation d'ordre (\(z \le z'\)) ?;Non, il n'existe pas de relation d'ordre compatible avec l'addition et la multiplication sur \(\mathbb{C}\);Oui, en comparant leurs modules respectifs;Oui, en comparant d'abord leurs parties réelles;Oui, mais uniquement pour les complexes de module 1;
Formule de l'inverse d'un nombre complexe \(z = a + ib \neq 0\) :;\((a + ib)^{-1} = \frac{a - ib}{a^2 + b^2}\);\((a + ib)^{-1} = \frac{1}{a} + i\frac{1}{b}\);\((a + ib)^{-1} = \frac{a + ib}{a^2 - b^2}\);\((a + ib)^{-1} = \frac{-a - ib}{a^2 + b^2}\);
Définition du conjugué \(\bar{z}\) de \(z = a + ib\) :;\(\bar{z} = a - ib\);\(\bar{z} = -a + ib\);\(\bar{z} = -a - ib\);\(\bar{z} = b + ia\);
Propriétés de la conjugaison : \(\overline{z + z'}\) et \(\overline{zz'}\) :;\(\overline{z + z'} = \bar{z} + \bar{z'}\) et \(\overline{zz'} = \bar{z} \bar{z'}\);\(\overline{z + z'} = \bar{z} - \bar{z'}\) et \(\overline{zz'} = -\bar{z} \bar{z'}\);\(\overline{zz'} = z \bar{z'}\);\(\overline{z + z'} = |z| + |z'|\);
Expressions de \(\text{Re}(z)\) et \(\text{Im}(z)\) via \(z\) et \(\bar{z}\) :;\(\text{Re}(z) = \frac{z + \bar{z}}{2}\) et \(\text{Im}(z) = \frac{z - \bar{z}}{2i}\);\(\text{Re}(z) = \frac{z - \bar{z}}{2}\) et \(\text{Im}(z) = \frac{z + \bar{z}}{2i}\);\(\text{Re}(z) = z\bar{z}\) et \(\text{Im}(z) = \frac{z}{\bar{z}}\);\(\text{Re}(z) = \frac{z + \bar{z}}{2i}\) et \(\text{Im}(z) = \frac{z - \bar{z}}{2}\);
Caractérisation de \(z \in \mathbb{R}\) et \(z \in i\mathbb{R}\) avec le conjugué :;\(z \in \mathbb{R} \iff z = \bar{z}\) et \(z \in i\mathbb{R} \iff \bar{z} = -z\);\(z \in \mathbb{R} \iff z = -\bar{z}\) et \(z \in i\mathbb{R} \iff z = \bar{z}\);\(z \in \mathbb{R} \iff z\bar{z} = 1\);\(z \in i\mathbb{R} \iff z^2 = 1\);
Interprétation géométrique du vecteur \(\vec{u}\) d'affixe \(z\) :;Le vecteur de coordonnées \((\text{Re}(z), \text{Im}(z))\) dans le repère orthonormé direct;La droite d'équation \(y = \text{Im}(z)x\);Le cercle centré en l'origine de rayon \(|z|\);Le point symétrique par rapport à l'axe des ordonnées;
Affixe du vecteur \(\vec{u} + \vec{v}\) et du vecteur \(\vec{MM'}\) :;\(z_{\vec{u} + \vec{v}} = z_{\vec{u}} + z_{\vec{v}}\) et \(z_{\vec{MM'}} = z_{M'} - z_M\);\(z_{\vec{MM'}} = z_M + z_{M'}\);\(z_{\vec{u} + \vec{v}} = z_{\vec{u}} \times z_{\vec{v}}\);\(z_{\vec{MM'}} = \frac{z_{M'}}{z_M}\);
Définition du module d'un nombre complexe \(z = a + ib\) :;\(|z| = \sqrt{a^2 + b^2} = \sqrt{z\bar{z}}\);\(|z| = a^2 + b^2\);\(|z| = \sqrt{a^2 - b^2}\);\(|z| = |a| + |b|\);
Propriétés du module : relation avec \(z\bar{z}\) :;\(|z|^2 = z\bar{z}\);\(|z|^2 = z^2\);\(|z| = z + \bar{z}\);\(|z|^2 = 2\text{Re}(z)\);
Encadrement des parties réelle et imaginaire par le module :;\(|\text{Re}(z)| \le |z|\) et \(|\text{Im}(z)| \le |z|\);\(|\text{Re}(z)| \ge |z|\);\(|z| \le \text{Re}(z) + \text{Im}(z)\);\(|\text{Re}(z)| = |z|\cos(|z|)\);
Module d'un produit de complexes : \(|zz'| = \dots\);\(|z| |z'|\);\(|z| + |z'|\);\(\sqrt{|z|^2 + |z'|^2}\);\(|z|^2 |z'|^2\);
Inégalité triangulaire dans \(\mathbb{C}\) :;\(\forall z, z' \in \mathbb{C}, |z + z'| \le |z| + |z'|\);\(\forall z, z' \in \mathbb{C}, |z + z'| = |z| + |z'|\);\(\forall z, z' \in \mathbb{C}, |z + z'| \ge |z| - |z'|\);\(\forall z, z' \in \mathbb{C}, |zz'| \le |z| + |z'|\);
Inégalité triangulaire inversée dans \(\mathbb{C}\) :;\(\forall z, z' \in \mathbb{C}, \big||z| - |z'|\big| \le |z + z'| \le |z| + |z'|\);\(\forall z, z' \in \mathbb{C}, |z - z'| \le |z| - |z'|\);\(\forall z, z' \in \mathbb{C}, |z + z'| \le ||z| - |z'||\);\(\forall z, z' \in \mathbb{C}, |z + z'| = \sqrt{|z|^2 + |z'|^2}\);
Proposition sur les racines carrées d'un nombre complexe non nul :;Tout nombre complexe non nul possède exactement deux racines carrées distinctes et opposées;Tout nombre complexe non nul possède une unique racine carrée;Seuls les réels positifs possèdent des racines carrées dans \(\mathbb{C}\);Un nombre complexe possède 4 racines carrées réparties sur les axes;
Résolution de l'équation \(az^2 + bz + c = 0\) dans \(\mathbb{C}\) (avec \(\Delta = b^2 - 4ac \neq 0\)) :;\(z_{1,2} = \frac{-b \pm \delta}{2a}\) où \(\delta\) est une racine carrée complexe de \(\Delta\);\(z_{1,2} = \frac{-b \pm \sqrt{\Delta}}{2a}\) avec \(\sqrt{\Delta} \in \mathbb{R}\);\(z_{1,2} = \frac{-b \pm i\Delta}{2a}\);\(z_{1,2} = \frac{-b \pm \delta}{a}\);
Définition du groupe \(\mathbb{U}\) des complexes de module 1 :;\(\mathbb{U} = \{z \in \mathbb{C} \mid |z| = 1\} = \{\cos(\theta) + i\sin(\theta) \mid \theta \in \mathbb{R}\}\);\(\mathbb{U} = \{z \in \mathbb{C} \mid z + \bar{z} = 1\}\);\(\mathbb{U} = \{z \in \mathbb{C} \mid \text{Re}(z) = 1\}\);\(\mathbb{U} = \{z \in \mathbb{C}^* \mid z^n = 1\}\);
Inverse d'un élément \(z \in \mathbb{U}\) :;\(z^{-1} = \bar{z}\);\(z^{-1} = -z\);\(z^{-1} = -\bar{z}\);\(z^{-1} = z\);
Définition de l'exponentielle complexe \(e^z\) pour \(z = a + ib\) :;\(e^z = e^a e^{ib} = e^a(\cos b + i\sin b)\);\(e^z = e^a + e^{ib}\);\(e^z = e^a(\cos b - i\sin b)\);\(e^z = \cos(a) + i\sin(b)\);
Propriété fondamentale de l'exponentielle complexe : \(e^{z+z'} = \dots\);\(e^z \cdot e^{z'}\);\(e^z + e^{z'}\);\(e^{zz'}\);\(\frac{e^z}{e^{z'}}\);
Égalité de deux exponentielles imaginaires : \(e^{i\theta_1} = e^{i\theta_2} \iff \dots\);\(\theta_1 = \theta_2 + 2k\pi\) avec \(k \in \mathbb{Z}\);\(\theta_1 = \theta_2\);\(\theta_1 = -\theta_2\);\(\theta_1 = \theta_2 + k\pi\);
Valeurs remarquables de l'exponentielle complexe : \(e^{i 2k\pi}\) et \(e^{i(2k+1)\pi}\) :;\(e^{i 2k\pi} = 1\) et \(e^{i(2k+1)\pi} = -1\) (pour tout \(k \in \mathbb{Z}\));\(e^{i 2k\pi} = -1\) et \(e^{i(2k+1)\pi} = 1\);\(e^{i 2k\pi} = i\) et \(e^{i(2k+1)\pi} = -i\);\(e^{i 2k\pi} = 0\);
Formule d'Euler pour \(\cos(\theta)\) :;\(\cos(\theta) = \frac{e^{i\theta} + e^{-i\theta}}{2}\);\(\cos(\theta) = \frac{e^{i\theta} - e^{-i\theta}}{2i}\);\(\cos(\theta) = \frac{e^{i\theta} + e^{-i\theta}}{2i}\);\(\cos(\theta) = e^{i\theta} + e^{-i\theta}\);
Formule d'Euler pour \(\sin(\theta)\) :;\(\sin(\theta) = \frac{e^{i\theta} - e^{-i\theta}}{2i}\);\(\sin(\theta) = \frac{e^{i\theta} + e^{-i\theta}}{2}\);\(\sin(\theta) = \frac{e^{i\theta} - e^{-i\theta}}{2}\);\(\sin(\theta) = \frac{e^{i\theta} + e^{-i\theta}}{2i}\);
Formule de Moivre pour tout \(\theta \in \mathbb{R}\) et \(n \in \mathbb{Z}\) :;\((\cos \theta + i\sin \theta)^n = \cos(n\theta) + i\sin(n\theta)\);\((\cos \theta + i\sin \theta)^n = \cos^n(\theta) + i\sin^n(\theta)\);\((\cos \theta + i\sin \theta)^n = n\cos(\theta) + in\sin(\theta)\);\((\cos \theta + i\sin \theta)^n = \cos(n\theta) - i\sin(n\theta)\);
Définition de la forme trigonométrique d'un complexe \(z \in \mathbb{C}^*\) :;\(z = r e^{i\theta} = r(\cos \theta + i\sin \theta)\) avec \(r = |z| > 0\) et \(\theta = \arg(z) \in \mathbb{R}\);\(z = a + ib\) avec \(a, b \in \mathbb{R}\);\(z = \cos(r) + i\sin(\theta)\);\(z = r(1 + i\theta)\);
Relations de passage de la forme algébrique \(a+ib\) à la forme trigonométrique \(re^{i\theta}\) :;\(r = \sqrt{a^2 + b^2}\), \(\cos(\theta) = \frac{a}{\sqrt{a^2+b^2}}\) et \(\sin(\theta) = \frac{b}{\sqrt{a^2+b^2}}\);\(r = a^2 + b^2\), \(\cos(\theta) = \frac{b}{a}\);\(r = a+b\), \(\tan(\theta) = \frac{a}{b}\);\(r = \sqrt{a^2-b^2}\), \(\cos(\theta) = \frac{a}{r}\);
Propriétés de l'argument : \(\arg(zz')\) et \(\arg(z/z')\) :;\(\arg(zz') \equiv \arg(z) + \arg(z') [2\pi]\) et \(\arg(z/z') \equiv \arg(z) - \arg(z') [2\pi]\);\(\arg(zz') = \arg(z) \times \arg(z')\);\(\arg(z/z') = \frac{\arg(z)}{\arg(z')}\);\(\arg(zz') = \arg(z) - \arg(z')\);
Propriétés de l'argument : \(\arg(z^{-1})\) et \(\arg(\bar{z})\) :;\(\arg(z^{-1}) \equiv -\arg(z) [2\pi]\) et \(\arg(\bar{z}) \equiv -\arg(z) [2\pi]\);\(\arg(z^{-1}) \equiv \frac{1}{\arg(z)} [2\pi]\);\(\arg(\bar{z}) \equiv \pi - \arg(z) [2\pi]\);\(\arg(\bar{z}) = \arg(z)\);
Définition d'une racine \(n\)-ième de l'unité :;Tout complexe \(z \in \mathbb{C}\) vérifiant \(z^n = 1\) (l'ensemble est noté \(\mathbb{U}_n\));Tout réel \(x\) vérifiant \(x = 1/n\);Tout complexe vérifiant \(|z| = n\);Les racines du polynôme \(X^n + 1\);
Expression explicite des \(n\) éléments de \(\mathbb{U}_n\) :;\(z_k = e^{i\frac{2k\pi}{n}}\) pour \(k \in \{0, 1, \dots, n-1\}\);\(z_k = e^{i\frac{k\pi}{n}}\) pour \(k \in \{0, 1, \dots, n-1\}\);\(z_k = e^{i\frac{2k\pi}{n+1}}\) pour \(k \in \{1, \dots, n\}\);\(z_k = \frac{2k\pi}{n}\);
Proposition sur la somme de toutes les racines \(n\)-ièmes de l'unité (pour \(n \ge 2\)) :;\(\sum_{k=0}^{n-1} e^{i\frac{2k\pi}{n}} = 0\);\(\sum_{k=0}^{n-1} e^{i\frac{2k\pi}{n}} = 1\);\(\sum_{k=0}^{n-1} e^{i\frac{2k\pi}{n}} = n\);\(\sum_{k=0}^{n-1} e^{i\frac{2k\pi}{n}} = -1\);
Expression des \(n\) racines \(n\)-ièmes d'un complexe non nul \(\omega = r e^{i\theta}\) :;\(z_k = \sqrt[n]{r} e^{i\left(\frac{\theta}{n} + \frac{2k\pi}{n}\right)}\) pour \(k \in \{0, \dots, n-1\}\);\(z_k = r e^{i\frac{\theta + 2k\pi}{n}}\) pour \(k \in \{0, \dots, n-1\}\);\(z_k = \sqrt[n]{r} e^{i(\theta + 2k\pi)}\);\(z_k = \frac{r}{n} e^{i\frac{\theta}{n}}\);
Définition d'une fonction paire :;\(\forall x \in I, f(-x) = f(x)\) (avec \(I\) symétrique par rapport à 0);\(\forall x \in I, f(-x) = -f(x)\);\(f(x) \ge 0\) pour tout \(x\);\(f(2x) = 2f(x)\);
Définition d'une fonction impaire :;\(\forall x \in I, f(-x) = -f(x)\) (avec \(I\) symétrique par rapport à 0);\(\forall x \in I, f(-x) = f(x)\);\(f(0) = 1\);\(f(x) \le 0\) pour tout \(x\);
Proposition d'unicité de la décomposition paire/impaire :;Toute fonction \(f : I \to \mathbb{R}\) s'écrit de façon unique \(f = f_p + f_i\) avec \(f_p(x) = \frac{f(x)+f(-x)}{2}\) et \(f_i(x) = \frac{f(x)-f(-x)}{2}\);\(f(x) = f(x)^2 - f(-x)^2\);Une fonction ne peut être décomposée que si elle est dérivable;La décomposition n'est possible que pour les polynômes;
Définition d'une fonction \(T\)-périodique (avec \(T > 0\)) :;\(\forall x \in \mathbb{R}, f(x + T) = f(x)\);\(\forall x \in \mathbb{R}, f(x + T) = -f(x)\);\(f(T) = 0\);\(f(xT) = f(x)\);
Définition d'une fonction croissante sur \(I\) :;\(\forall x, y \in I, x \le y \implies f(x) \le f(y)\);\(\forall x, y \in I, x < y \implies f(x) > f(y)\);\(f(x) > 0\) pour tout \(x \in I\);\(f'(x) \ge 1\) sur \(I\);
Définition d'une fonction majorée sur \(I\) :;\(\exists M \in \mathbb{R}, \forall x \in I, f(x) \le M\);\(\forall M \in \mathbb{R}, \exists x \in I, f(x) \le M\);\(\lim_{x \to +\infty} f(x) < +\infty\);\(f(x) \le x\) pour tout \(x\);
Définition d'une fonction bornée sur \(I\) :;Elle est à la fois majorée et minorée sur \(I\) (\(\iff \exists M \in \mathbb{R}_+, \forall x \in I, |f(x)| \le M\));Son ensemble de définition est un segment fermé;Elle admet une limite finie en tout point;Sa dérivée est bornée par 1;
Degré du produit de deux polynômes \(P\) et \(Q\) non nuls :;\(\deg(PQ) = \deg(P) + \deg(Q)\);\(\deg(PQ) = \deg(P) \times \deg(Q)\);\(\deg(PQ) = \max(\deg P, \deg Q)\);\(\deg(PQ) = \deg(P) - \deg(Q)\);
Degré de la somme de deux polynômes \(P\) et \(Q\) :;\(\deg(P + Q) \le \max(\deg P, \deg Q)\);\(\deg(P + Q) = \deg(P) + \deg(Q)\);\(\deg(P + Q) = \max(\deg P, \deg Q)\) toujours;\(\deg(P + Q) = \min(\deg P, \deg Q)\);
Définition d'une fonction rationnelle :;Le quotient \(R(x) = \frac{P(x)}{Q(x)}\) de deux polynômes \(P, Q \in \mathbb{R}[X]\) avec \(Q \neq 0\);Une fonction dont toutes les valeurs sont des fractions de nombres entiers;Une fonction continue partout sur \(\mathbb{R}\);Une fonction égale à sa série de Taylor;
Définition de la fonction exponentielle :;L'unique fonction dérivable sur \(\mathbb{R}\) vérifiant \(\exp' = \exp\) et \(\exp(0) = 1\);La fonction réciproque de la tangente;La fonction solution de \(y'' + y = 0\);La fonction définie par \(\exp(x) = x^e\);
Équation fonctionnelle de l'exponentielle :;\(\forall x, y \in \mathbb{R}, \exp(x+y) = \exp(x)\exp(y)\) et \(\exp(-x) = \frac{1}{\exp(x)}\);\(\exp(x+y) = \exp(x) + \exp(y)\);\(\exp(xy) = \exp(x)\exp(y)\);\(\exp(x-y) = \exp(x) - \exp(y)\);
Croissances comparées pour l'exponentielle en \(+\infty\) (pour tout \(n \in \mathbb{N}^*\)) :;\(\lim_{x \to +\infty} \frac{e^x}{x^n} = +\infty\);\(\lim_{x \to +\infty} \frac{e^x}{x^n} = 0\);\(\lim_{x \to +\infty} \frac{e^x}{x^n} = 1\);\(\lim_{x \to +\infty} \frac{e^x}{x^n} = n!\);
Croissances comparées pour l'exponentielle en \(-\infty\) (pour tout \(n \in \mathbb{N}^*\)) :;\(\lim_{x \to -\infty} x^n e^x = 0\);\(\lim_{x \to -\infty} x^n e^x = -\infty\);\(\lim_{x \to -\infty} x^n e^x = +\infty\);\(\lim_{x \to -\infty} x^n e^x = (-1)^n\);
Définition de la fonction logarithme népérien \(\ln\) :;La fonction réciproque de l'exponentielle, définie sur \(\mathbb{R}_+^*\);La primitive de \(e^x\) qui s'annule en 0;La fonction définie sur \(\mathbb{R}\) par \(\ln(x) = e^{-x}\);La bijection de \(\mathbb{R}\) sur \(\mathbb{R}_+^*\);
Équation fonctionnelle du logarithme népérien :;\(\forall x, y > 0, \ln(xy) = \ln(x) + \ln(y)\) et \(\ln(1/x) = -\ln(x)\);\(\ln(x+y) = \ln(x)\ln(y)\);\(\ln(xy) = \ln(x)\ln(y)\);\(\ln(x/y) = \frac{\ln x}{\ln y}\);
Croissances comparées pour le logarithme en \(+\infty\) (pour \(n \in \mathbb{N}^*\)) :;\(\lim_{x \to +\infty} \frac{\ln x}{x^n} = 0\);\(\lim_{x \to +\infty} \frac{\ln x}{x^n} = +\infty\);\(\lim_{x \to +\infty} \frac{\ln x}{x^n} = 1\);\(\lim_{x \to +\infty} \frac{\ln x}{x^n} = \frac{1}{n}\);
Croissances comparées pour le logarithme en 0 (pour \(n \in \mathbb{N}^*\)) :;\(\lim_{x \to 0^+} x^n \ln x = 0\);\(\lim_{x \to 0^+} x^n \ln x = -\infty\);\(\lim_{x \to 0^+} x^n \ln x = 1\);\(\lim_{x \to 0^+} x^n \ln x = -1\);
Définition de la fonction puissance \(a^x\) (pour \(a > 0\)) :;\(a^x = \exp(x \ln a)\);\(a^x = \ln(x \exp a)\);\(a^x = x \ln a\);\(a^x = e^{a x}\);
Définition du logarithme de base \(a\) (pour \(a > 0, a \neq 1\)) :;\(\log_a(x) = \frac{\ln x}{\ln a}\);\(\log_a(x) = \ln(x) - \ln(a)\);\(\log_a(x) = \frac{\ln a}{\ln x}\);\(\log_a(x) = a^{\ln x}\);
Définition de la fonction tangente \(\tan(x)\) :;\(\tan(x) = \frac{\sin x}{\cos x}\) définie sur \(\mathbb{R} \setminus \{\frac{\pi}{2} + k\pi, k \in \mathbb{Z}\}\);\(\tan(x) = \frac{\cos x}{\sin x}\) sur \(\mathbb{R}^*\);\(\tan(x) = \sin(x)\cos(x)\);\(\tan(x) = \frac{1}{\cos x}\);
Dérivée de la fonction tangente :;\(\tan'(x) = 1 + \tan^2(x) = \frac{1}{\cos^2(x)}\);\(\tan'(x) = 1 - \tan^2(x)\);\(\tan'(x) = -\frac{1}{\sin^2(x)}\);\(\tan'(x) = \frac{1}{1 + x^2}\);
Formule fondamentale de trigonométrie liant tangente et cosinus :;\(1 + \tan^2(\theta) = \frac{1}{\cos^2(\theta)}\);\(1 + \tan^2(\theta) = \cos^2(\theta)\);\(1 - \tan^2(\theta) = \frac{1}{\cos^2(\theta)}\);\(\tan^2(\theta) + \cos^2(\theta) = 1\);
Formule d'addition pour le cosinus : \(\cos(a+b) = \dots\);\(\cos a \cos b - \sin a \sin b\);\(\cos a \cos b + \sin a \sin b\);\(\sin a \cos b + \cos a \sin b\);\(\cos a \sin b - \sin a \cos b\);
Formule d'addition pour le cosinus : \(\cos(a-b) = \dots\);\(\cos a \cos b + \sin a \sin b\);\(\cos a \cos b - \sin a \sin b\);\(\sin a \cos b - \cos a \sin b\);\(\cos a + \cos b\);
Formule d'addition pour le sinus : \(\sin(a+b) = \dots\);\(\sin a \cos b + \cos a \sin b\);\(\sin a \cos b - \cos a \sin b\);\(\cos a \cos b - \sin a \sin b\);\(\sin a + \sin b\);
Formule d'addition pour le sinus : \(\sin(a-b) = \dots\);\(\sin a \cos b - \cos a \sin b\);\(\sin a \cos b + \cos a \sin b\);\(\cos a \cos b + \sin a \sin b\);\(\cos a \sin b + \sin a \cos b\);
Formule de duplication pour le cosinus : \(\cos(2a) = \dots\);\(\cos^2 a - \sin^2 a = 2\cos^2 a - 1 = 1 - 2\sin^2 a\);\(\cos^2 a + \sin^2 a\);\(2\cos a \sin a\);\(2\cos^2 a + 1\);
Formule de duplication pour le sinus : \(\sin(2a) = \dots\);\(2\sin a \cos a\);\(\cos^2 a - \sin^2 a\);\(2\sin^2 a - 1\);\(\sin a \cos a\);
Formule de linéarisation de \(\cos^2(a)\) :;\(\cos^2(a) = \frac{1 + \cos(2a)}{2}\);\(\cos^2(a) = \frac{1 - \cos(2a)}{2}\);\(\cos^2(a) = 1 - \cos(2a)\);\(\cos^2(a) = \frac{1 + \sin(2a)}{2}\);
Formule de linéarisation de \(\sin^2(a)\) :;\(\sin^2(a) = \frac{1 - \cos(2a)}{2}\);\(\sin^2(a) = \frac{1 + \cos(2a)}{2}\);\(\sin^2(a) = 1 + \cos(2a)\);\(\sin^2(a) = \frac{1 - \sin(2a)}{2}\);
Formule de transformation produit en somme : \(\cos a \cos b = \dots\);\(\frac{1}{2}(\cos(a+b) + \cos(a-b))\);\(\frac{1}{2}(\cos(a-b) - \cos(a+b))\);\(\frac{1}{2}(\sin(a+b) + \sin(a-b))\);\(\cos(a+b)\cos(a-b)\);
Formule de transformation produit en somme : \(\sin a \sin b = \dots\);\(\frac{1}{2}(\cos(a-b) - \cos(a+b))\);\(\frac{1}{2}(\cos(a+b) + \cos(a-b))\);\(\frac{1}{2}(\sin(a+b) - \sin(a-b))\);\(\sin(a+b)\sin(a-b)\);
Formule de transformation produit en somme : \(\sin a \cos b = \dots\);\(\frac{1}{2}(\sin(a+b) + \sin(a-b))\);\(\frac{1}{2}(\sin(a+b) - \sin(a-b))\);\(\frac{1}{2}(\cos(a+b) + \cos(a-b))\);\(\frac{1}{2}(\cos(a-b) - \cos(a+b))\);
Formule de transformation somme en produit : \(\cos p + \cos q = \dots\);\(2\cos\left(\frac{p+q}{2}\right)\cos\left(\frac{p-q}{2}\right)\);\(-2\sin\left(\frac{p+q}{2}\right)\sin\left(\frac{p-q}{2}\right)\);\(2\sin\left(\frac{p+q}{2}\right)\cos\left(\frac{p-q}{2}\right)\);\(\cos(p+q)\cos(p-q)\);
Formule de transformation somme en produit : \(\cos p - \cos q = \dots\);\(-2\sin\left(\frac{p+q}{2}\right)\sin\left(\frac{p-q}{2}\right)\);\(2\cos\left(\frac{p+q}{2}\right)\cos\left(\frac{p-q}{2}\right)\);\(2\sin\left(\frac{p+q}{2}\right)\sin\left(\frac{p-q}{2}\right)\);\(2\cos\left(\frac{p+q}{2}\right)\sin\left(\frac{p-q}{2}\right)\);
Formule de transformation somme en produit : \(\sin p + \sin q = \dots\);\(2\sin\left(\frac{p+q}{2}\right)\cos\left(\frac{p-q}{2}\right)\);\(2\cos\left(\frac{p+q}{2}\right)\sin\left(\frac{p-q}{2}\right)\);\(2\sin\left(\frac{p+q}{2}\right)\sin\left(\frac{p-q}{2}\right)\);\(\sin(p+q)\cos(p-q)\);
Formule de transformation somme en produit : \(\sin p - \sin q = \dots\);\(2\cos\left(\frac{p+q}{2}\right)\sin\left(\frac{p-q}{2}\right)\);\(2\sin\left(\frac{p+q}{2}\right)\cos\left(\frac{p-q}{2}\right)\);\(-2\sin\left(\frac{p+q}{2}\right)\sin\left(\frac{p-q}{2}\right)\);\(2\cos(p-q)\);
Définition d'un voisinage d'un point \(c \in \mathbb{R}\) :;Un intervalle de la forme \([c - \alpha, c + \alpha]\) avec \(\alpha > 0\);L'intervalle \(]0, c[\);L'ensemble des entiers proches de \(c\);La réunion de tous les ouverts disjoints de \(c\);
Définition formelle de la limite finie en un point \(c \in \mathbb{R}\) (\(\lim_{x \to c} f(x) = l\)) :;\(\forall \varepsilon > 0, \exists \alpha > 0, \forall x \in I, |x - c| \le \alpha \implies |f(x) - l| \le \varepsilon\);\(\exists \varepsilon > 0, \forall \alpha > 0, |x - c| < \alpha \implies |f(x) - l| < \varepsilon\);\(\forall \alpha > 0, |f(c) - l| < \alpha\);\(\lim_{x \to c} f'(x) = 0\);
Théorème d'unicité de la limite :;Si une fonction \(f\) admet une limite en un point \(c\), cette limite est unique;Une fonction continue admet au moins deux limites en chaque point;La limite à gauche est toujours strictement inférieure à la limite à droite;L'unicité de la limite n'est vraie que pour les polynômes;
Théorème de caractérisation séquentielle de la limite :;\(\lim_{x \to c} f(x) = l \iff \forall (u_n)\) t.q. \(u_n \to c, f(u_n) \to l\);\(\lim_{x \to c} f(x) = l \implies f(c) = l\);\(f(x) \to l \iff f'(x) \to 0\);\(\lim_{x \to c} f(x) = l \iff (f(1/n))\) converge;
Théorème des gendarmes pour les fonctions :;Si \(f \le g \le h\) au voisinage de \(c\) et \(\lim_{x \to c} f(x) = \lim_{x \to c} h(x) = l\), alors \(\lim_{x \to c} g(x) = l\);Si \(f \le g \le h\), alors \(g\) est dérivable en \(c\);Si \(f \le g\), alors \(\lim f < \lim g\);Si \(f(x) \to 0\), alors \(g(x) \to 0\);
Propriété : si \(f\) admet une limite finie en \(c\), alors au voisinage de \(c\) :;\(f\) est bornée;\(f\) est monotone;\(f\) est dérivable;\(f\) est de signe constant positif;
Théorème de la limite d'une fonction composée \(g \circ f\) :;Si \(\lim_{x \to c} f(x) = b\) et \(\lim_{y \to b} g(y) = l\), alors \(\lim_{x \to c} (g \circ f)(x) = l\);\(\lim_{x \to c} (g \circ f)(x) = g(c)f(c)\);La limite n'existe que si \(g\) est linéaire;\(\lim_{x \to c} (g \circ f)(x) = \lim_{x \to c} g(x) + \lim_{x \to c} f(x)\);
Liste des 4 formes indéterminées fondamentales sur les limites :;\(\frac{\pm\infty}{\pm\infty}\), \(\frac{0}{0}\), \((\pm\infty) \times 0\), et \((+\infty) - (+\infty)\);\(\frac{\infty}{0}\), \(0^0\), \(1^\infty\) et \(\infty + \infty\);\(\frac{0}{\infty}\), \(\infty \times \infty\), \(0 + 0\) et \(1/0\);\(\sqrt{\infty}\), \(\ln(0)\), \(e^{-\infty}\) et \(0/1\);
Théorème sur la limite d'une fonction complexe \(f = g + ih\) :;\(\lim_{x \to c} f(x) = a + ib \iff (\lim_{x \to c} g(x) = a \text{ et } \lim_{x \to c} h(x) = b)\);\(\lim_{x \to c} f(x) = a + ib \iff \lim |f(x)| = \sqrt{a^2+b^2}\);Une fonction complexe ne peut admettre que des limites réelles;\(\lim f(x) = g'(c) + ih'(c)\);
Définition de la domination : \(f = \mathcal{O}_c(g)\) :;\(\exists M > 0, |f(x)| \le M |g(x)|\) au voisinage de \(c\);\(\lim_{x \to c} \frac{f(x)}{g(x)} = 0\);\(\lim_{x \to c} \frac{f(x)}{g(x)} = 1\);\(\forall M > 0, |f(x)| \le M |g(x)|\);
Définition de la négligeabilité : \(f = o_c(g)\) :;\(\forall \varepsilon > 0, |f(x)| \le \varepsilon |g(x)|\) au voisinage de \(c\) (ou \(\lim_{x \to c} \frac{f(x)}{g(x)} = 0\) si \(g \neq 0\));\(\exists M > 0, |f(x)| \le M |g(x)|\);\(\lim_{x \to c} (f(x) - g(x)) = 0\);\(f(x) = 0\) au voisinage de \(c\);
Caractérisation pratique de \(f = \mathcal{O}_c(1)\) et \(f = o_c(1)\) :;\(f = \mathcal{O}_c(1) \iff f\) est bornée au voisinage de \(c\), et \(f = o_c(1) \iff \lim_{x \to c} f(x) = 0\);\(f = \mathcal{O}_c(1) \iff f(c) = 1\);\(f = o_c(1) \iff f\) est constante;\(f = \mathcal{O}_c(1) \iff f'(c) = 0\);
Échelles de comparaison des fonctions usuelles en \(+\infty\) (pour \(0 < \alpha < \beta\)) :;\((\ln x)^k = o(x^\alpha)\), \(x^\alpha = o(x^\beta)\) et \(x^\beta = o(e^x)\);\(e^x = o(x^\alpha)\) et \(x^\alpha = o(\ln x)\);\(x^\beta = o(x^\alpha)\);\(\ln x = \mathcal{O}(1)\);
Définition de l'équivalence de deux fonctions en \(c\) (\(f \sim_c g\)) :;\(f - g = o_c(g)\) (ou \(\lim_{x \to c} \frac{f(x)}{g(x)} = 1\) si \(g \neq 0\));\(f(x) = g(x)\) pour tout \(x\);\(\lim_{x \to c} (f(x) - g(x)) = 0\);\(f = \mathcal{O}_c(g) \text{ et } g = o_c(f)\);
Propriété d'équivalence avec une constante non nulle \(l \neq 0\) :;\(f(x) \sim_c l \iff \lim_{x \to c} f(x) = l\);\(f(x) \sim_c l \iff f(x) = l\);\(f(x) \sim_c l \iff f'(c) = l\);\(f(x) \sim_c 0 \iff \lim f(x) = 0\) (faux en général);
Que signifie l'écriture \(f(x) \sim_c 0\) ?;\(f\) est identiquement nulle au voisinage de \(c\);\(\lim_{x \to c} f(x) = 0\);\(f'(c) = 0\);\(f(x) = o_c(1)\);
Équivalents usuels en 0 obtenus par le nombre dérivé : \(e^x - 1 \sim_0 \dots\);\(x\);\(1 + x\);\(\frac{x^2}{2}\);\(x - 1\);
Équivalents usuels en 0 : \(\ln(1+x) \sim_0 \dots\);\(x\);\(x - \frac{x^2}{2}\);\(e^x\);\(\frac{1}{x}\);
Équivalents usuels en 0 : \(\sin(x) \sim_0 \dots\) et \(\tan(x) \sim_0 \dots\);\(x\);\(1\);\(x - \frac{x^3}{6}\);\(x^2\);
Équivalents usuels en 0 : \(1 - \cos(x) \sim_0 \dots\);\(\frac{x^2}{2}\);\(x\);\(-\frac{x^2}{2}\);\(x^2\);
Équivalents usuels en 0 : \((1+x)^\alpha - 1 \sim_0 \dots\);\(\alpha x\);\(x^\alpha\);\(\alpha(x - 1)\);\(1 + \alpha x\);
Équivalents usuels en 0 : \(\sqrt{1+x} - 1 \sim_0 \dots\);\(\frac{x}{2}\);\(x\);\(\sqrt{x}\);\(1 + \frac{x}{2}\);
Règle de composition à droite pour les équivalents :;Si \(f \sim_b g\) et \(\lim_{x \to a} \Phi(x) = b\), alors \(f \circ \Phi \sim_a g \circ \Phi\);On peut toujours composer un équivalent par la gauche (\(\Psi \circ f \sim \Psi \circ g\));La composition à droite n'est vraie que si \(\Phi\) est affine;Si \(x \sim x+1\), alors \(e^x \sim e^{x+1}\) en \(+\infty\) (faux);
Définition de la continuité de \(f\) en un point \(a \in I\) :;\(\lim_{x \to a} f(x) = f(a)\);\(f'(a)\) existe et est finie;\(f\) est bornée au voisinage de \(a\);\(\lim_{x \to a^+} f(x) = \lim_{x \to a^-} f(x)\);
Continuité globale sur un intervalle \(I\) (espace \(\mathcal{C}(I, \mathbb{R})\)) :;\(f\) est continue en chaque point \(a \in I\);\(f\) est uniformément bornée sur \(I\);\(f(I)\) est un intervalle fermé;\(f\) est dérivable sur \(I\);
Caractérisation de la continuité par limites à droite et à gauche en \(a\) :;\(f\) est continue en \(a \iff (f\) est continue à droite et à gauche en \(a\), i.e. \(\lim_{a^+} f = \lim_{a^-} f = f(a)\));\(f\) est continue dès que \(\lim_{a^+} f = \lim_{a^-} f\) même si la valeur en \(a\) est différente;La continuité à droite implique toujours la continuité à gauche;Une fonction n'est jamais continue en un point de recollement;
Stabilité de la continuité par opérations algébriques :;Si \(f, g\) sont continues, alors \(\lambda f, f + g, fg\) et \(f/g\) (si \(g \neq 0\)) sont continues;Le quotient de fonctions continues est continu sur \(\mathbb{R}\) tout entier;La continuité n'est pas stable par multiplication par un scalaire négatif;Le produit de deux fonctions continues n'est continue que sur un segment;
Continuité de la composée : si \(f\) est continue sur \(I\) et \(g\) continue sur \(J\) avec \(f(I) \subset J\) :;\(g \circ f\) est continue sur \(I\);\(g \circ f\) est continue seulement si \(g\) est croissante;\(g \circ f\) est dérivable sur \(I\);\(g \circ f\) est bornée sur \(I\);
Continuité de la valeur absolue et des bornes ponctuelles :;Si \(f, g\) sont continues, alors \(|f|\), \(\sup(f, g)\) et \(\inf(f, g)\) sont continues;\(|f|\) est continue implique que \(f\) est continue (faux en général);\(\sup(f, g)\) est discontinue aux points où \(f = g\);Les fonctions \(f^+\) et \(f^-\) sont discontinues;
Définition d'une injection de \(E\) dans \(F\) :;\(\forall x, x' \in E, f(x) = f(x') \implies x = x'\) (tout élément de \(F\) a au plus un antécédent dans \(E\));Tout élément de \(F\) a au moins un antécédent dans \(E\);Tout élément de \(F\) a exactement un antécédent dans \(E\);\(f(E) = F\);
Définition d'une surjection de \(E\) dans \(F\) :;\(\forall y \in F, \exists x \in E, y = f(x)\) (tout élément de \(F\) a au moins un antécédent dans \(E\));\(\forall x, x' \in E, f(x) = f(x') \implies x = x'\);\(E\) et \(F\) ont le même nombre d'éléments;\(f\) est strictement croissante;
Définition d'une bijection de \(E\) sur \(F\) :;\(f\) est à la fois injective et surjective (chaque élément de \(F\) a un unique antécédent dans \(E\));\(f\) est continue et dérivable sur \(E\);\(f(x) = f(-x)\) pour tout \(x\);\(f(E) \subset F\);
Caractérisation de la bijection réciproque : \(g = f^{-1} \iff \dots\);\(\forall x \in E, g(f(x)) = x\) et \(\forall y \in F, f(g(y)) = y\);\(g(x) = \frac{1}{f(x)}\);\(g'(x) = f'(x)\);\(g(x) = -f(x)\);
Symétrie graphique entre une fonction bijective \(f\) et sa réciproque \(f^{-1}\) :;Leurs courbes sont symétriques par rapport à la première bissectrice \(\Delta : y = x\);Leurs courbes sont symétriques par rapport à l'axe des ordonnées;Leurs courbes sont orthogonales en tout point;Leurs courbes se coupent uniquement en 0;
Théorème des Valeurs Intermédiaires (TVI) :;Si \(f : I \to \mathbb{R}\) est continue sur un intervalle \(I\), alors \(f\) prend toutes les valeurs entre \(f(a)\) et \(f(b)\) pour tout \(a, b \in I\);Toute fonction continue est injective sur \(I\);Si \(f\) est continue, alors \(f(a) = f(b)\);Toute fonction continue sur \([a, b]\) admet un zéro unique;
Théorème de l'image continue d'un intervalle :;L'image d'un intervalle par une fonction continue est un intervalle;L'image d'un intervalle ouvert est obligatoirement un intervalle ouvert;L'image d'un intervalle est toujours bornée;L'image d'un intervalle est égale à \(\mathbb{R}\);
Théorème de l'image continue d'un segment (Weierstrass) :;L'image d'un segment \([a, b]\) par une fonction continue est un segment \([m, M]\) (\(f\) est bornée et atteint ses bornes);L'image d'un segment est un intervalle ouvert \(]m, M[\);Toute fonction continue sur un segment est monotone;\(f([a, b]) = [f(a), f(b)]\) quel que soit le sens de variation;
Théorème de la bijection (stricte monotonie et continuité) :;Si \(f\) est continue et strictement croissante sur \(I\), alors \(f\) réalise une bijection de \(I\) sur \(f(I)\) et \(f^{-1}\) est continue et strictement croissante;Toute bijection continue est nécessairement dérivable;Si \(f\) est continue, alors \(f^{-1}\) a les variations inverses de \(f\);La stricte monotonie sans continuité suffit pour garantir que \(f(I)\) est un intervalle;
Définition de la fonction Arc cosinus (\(\arccos\)) :;La bijection réciproque de la restriction de \(\cos\) à \([0, \pi]\), définie de \([-1, 1]\) dans \([0, \pi]\);La fonction \(\frac{1}{\cos(x)}\);La réciproque de \(\cos\) sur \([-\frac{\pi}{2}, \frac{\pi}{2}]\);La fonction \(\sin(\frac{\pi}{2} - x)\);
Valeurs remarquables de \(\arccos\) : \(\arccos(1), \arccos(0), \arccos(-1)\) :;\(\arccos(1) = 0\), \(\arccos(0) = \frac{\pi}{2}\), \(\arccos(-1) = \pi\);\(\arccos(1) = \frac{\pi}{2}\), \(\arccos(0) = 0\), \(\arccos(-1) = -\frac{\pi}{2}\);\(\arccos(1) = 1\), \(\arccos(0) = 0\), \(\arccos(-1) = -1\);\(\arccos(1) = 2\pi\);
Définition de la fonction Arc sinus (\(\arcsin\)) :;La bijection réciproque de la restriction de \(\sin\) à \([-\frac{\pi}{2}, \frac{\pi}{2}]\), définie de \([-1, 1]\) dans \([-\frac{\pi}{2}, \frac{\pi}{2}]\);La fonction \(\frac{1}{\sin(x)}\);La réciproque de \(\sin\) sur \([0, \pi]\);Une fonction périodique définie sur \(\mathbb{R}\);
Relation liant Arc sinus et Arc cosinus pour tout \(x \in [-1, 1]\) :;\(\arcsin(x) + \arccos(x) = \frac{\pi}{2}\);\(\arcsin(x) + \arccos(x) = \pi\);\(\arcsin(x) - \arccos(x) = 0\);\(\arcsin(x) \arccos(x) = 1\);
Définition de la fonction Arc tangente (\(\arctan\)) :;La bijection réciproque de la restriction de \(\tan\) à \(]-\frac{\pi}{2}, \frac{\pi}{2}[\), définie de \(\mathbb{R}\) dans \(]-\frac{\pi}{2}, \frac{\pi}{2}[\);La fonction \(\frac{\cos(x)}{\sin(x)}\);La réciproque de \(\tan\) sur \([0, \pi]\);Une fonction bornée par \([-1, 1]\);
Limites de \(\arctan(x)\) en \(+\infty\) et \(-\infty\) :;\(\lim_{x \to +\infty} \arctan(x) = \frac{\pi}{2}\) et \(\lim_{x \to -\infty} \arctan(x) = -\frac{\pi}{2}\);\(\lim_{x \to +\infty} \arctan(x) = +\infty\);\(\lim_{x \to +\infty} \arctan(x) = 1\) et \(\lim_{x \to -\infty} \arctan(x) = -1\);\(\lim_{x \to \pm\infty} \arctan(x) = 0\);
Définition de la continuité uniforme sur \(I\) :;\(\forall \varepsilon > 0, \exists \alpha > 0, \forall x, x' \in I, |x' - x| \le \alpha \implies |f(x') - f(x)| \le \varepsilon\) (où \(\alpha\) ne dépend pas de \(x\));\(\forall x \in I, \forall \varepsilon > 0, \exists \alpha > 0, |x' - x| \le \alpha \implies |f(x') - f(x)| \le \varepsilon\) (où \(\alpha\) dépend de \(x\));\(f\) est constante sur \(I\);\(f\) est dérivable et sa dérivée est constante;
Théorème de Heine :;Toute fonction continue sur un segment \([a, b]\) est uniformément continue sur ce segment;Toute fonction continue sur \(\mathbb{R}\) est uniformément continue sur \(\mathbb{R}\);Une fonction uniformément continue est nécessairement dérivable;La continuité uniforme équivaut à la stricte monotonie;
Définition d'une fonction \(k\)-lipschitzienne sur \(I\) :;\(\forall x, x' \in I, |f(x') - f(x)| \le k |x' - x|\) (avec \(k \ge 0\));\(\forall x, x' \in I, |f(x') - f(x)| \ge k |x' - x|\);\(f'(x) = k\) pour tout \(x\);\(|f(x)| \le k\) pour tout \(x\);
Lien entre caractère lipschitzien, continuité uniforme et continuité :;Lipschitzienne \(\implies\) Uniformément continue \(\implies\) Continue (les réciproques sont fausses);Continue \(\implies\) Uniformément continue \(\implies\) Lipschitzienne;Toute fonction continue sur \(\mathbb{R}\) est lipschitzienne;Lipschitzienne et continue sont équivalentes sur tout ensemble;
Continuité d'une fonction complexe \(f = \text{Re}(f) + i\text{Im}(f)\) :;\(f\) est continue (resp. lipschitzienne) \(\iff \text{Re}(f)\) et \(\text{Im}(f)\) le sont;\(f\) est continue si et seulement si \(|f| = 1\);Une fonction complexe continue est toujours constante;La continuité de \(\bar{f}\) n'a pas de lien avec celle de \(f\);
Définition du taux de variation de \(f\) entre \(a\) et \(b\) :;\(\tau(a, b) = \frac{f(b) - f(a)}{b - a}\);\(\tau(a, b) = \frac{f(b) + f(a)}{b + a}\);\(\tau(a, b) = \frac{b - a}{f(b) - f(a)}\);\(\tau(a, b) = f'(b) - f'(a)\);
Définition du nombre dérivé \(f'(a)\) :;\(f'(a) = \lim_{x \to a, x \neq a} \frac{f(x) - f(a)}{x - a} = \lim_{h \to 0} \frac{f(a+h) - f(a)}{h}\);\(f'(a) = \frac{f(a+h) - f(a)}{h}\);\(f'(a) = \lim_{x \to a} (f(x) - f(a))\);\(f'(a) = \lim_{x \to a} \frac{f'(x)}{x}\);
Équation de la tangente au graphe de \(f\) en \(M(a, f(a))\) :;\(y = f'(a)(x - a) + f(a)\);\(y = f'(a)(x + a) - f(a)\);\(y = f(a)(x - a) + f'(a)\);\(y = f'(a)x + f(a)\);
Développement limité à l'ordre 1 associé à la dérivabilité en \(a\) :;\(f(x) = f(a) + f'(a)(x - a) + o(x - a)\) quand \(x \to a\);\(f(x) = f(a) + f'(a)x + o(x)\);\(f(x) = f'(a)(x - a) + (x - a)^2\);\(f(x) = f(a) + \frac{f'(a)}{2}(x-a)^2\);
Corollaire sur dérivabilité et continuité en un point :;Si \(f\) est dérivable en \(a\), alors \(f\) est continue en \(a\) (la réciproque est fausse, ex: \(x \mapsto |x|\) ou \(\sqrt{x}\) en 0);Si \(f\) est continue en \(a\), alors \(f\) est dérivable en \(a\);Dérivabilité et continuité sont équivalentes sur tout ouvert;Une fonction continue n'est jamais dérivable aux extrema;
Tangente verticale au point d'abscisse \(a\) :;Si \(\lim_{h \to 0} \frac{f(a+h) - f(a)}{h} = \pm\infty\), la courbe admet une tangente verticale d'équation \(x = a\);La fonction est alors dérivable et sa dérivée vaut \(+\infty\);La tangente a pour équation \(y = a\);La courbe admet une asymptote horizontale;
Dérivées usuelles : \((\exp(x))'\) et \((\ln x)'\) :;\((\exp(x))' = \exp(x)\) et \((\ln x)' = \frac{1}{x}\);\((\exp(x))' = x\exp(x-1)\) et \((\ln x)' = \frac{1}{x^2}\);\((\ln x)' = e^{-x}\);\((\exp(x))' = \frac{1}{\exp(x)}\);
Dérivée de la fonction puissance \(x \mapsto x^\alpha\) (pour \(x > 0, \alpha \in \mathbb{R}\)) :;\((x^\alpha)' = \alpha x^{\alpha - 1}\);\((x^\alpha)' = x^\alpha \ln x\);\((x^\alpha)' = \alpha x^\alpha\);\((x^\alpha)' = \frac{x^{\alpha+1}}{\alpha+1}\);
Dérivée du produit : \((fg)' = \dots\);\(f'g + fg'\);\(f'g'\);\(f'g - fg'\);\(\frac{f'g + fg'}{g^2}\);
Dérivée du quotient : \((f/g)' = \dots\) (avec \(g \neq 0\));\(\frac{f'g - fg'}{g^2}\);\(\frac{f'g + fg'}{g^2}\);\(\frac{f'}{g'}\);\(\frac{fg' - f'g}{g}\);
Dérivée de la composée : \((g \circ f)'(x) = \dots\);\(f'(x) \times g'(f(x))\);\(g'(x) \times f'(x)\);\(g'(f'(x))\);\(g(f'(x)) + g'(f(x))\);
Théorème de dérivation de la bijection réciproque :;Si \(f\) est bijective dérivable et \(f'(x) \neq 0\), alors \(f^{-1}\) est dérivable en \(y = f(x)\) et \((f^{-1})'(y) = \frac{1}{f'(x)} = \frac{1}{f'(f^{-1}(y))}\);\((f^{-1})'(y) = -f'(y)\);\((f^{-1})'(y) = \frac{1}{(f'(y))^2}\);\((f^{-1})'(y) = f'(y)^{-1}\);
Dérivée de \(\arcsin(x)\) sur \(]-1, 1[\) :;\(\frac{1}{\sqrt{1 - x^2}}\);\(-\frac{1}{\sqrt{1 - x^2}}\);\(\frac{1}{1 + x^2}\);\(\frac{1}{1 - x^2}\);
Dérivée de \(\arccos(x)\) sur \(]-1, 1[\) :;\(-\frac{1}{\sqrt{1 - x^2}}\);\(\frac{1}{\sqrt{1 - x^2}}\);\(-\frac{1}{1 + x^2}\);\(\frac{1}{\sqrt{x^2 - 1}}\);
Dérivée de \(\arctan(x)\) sur \(\mathbb{R}\) :;\(\frac{1}{1 + x^2}\);\(\frac{1}{\sqrt{1 + x^2}}\);\(\frac{1}{1 - x^2}\);\(1 + \tan^2(x)\);
Caractérisation de la dérivabilité par dérivées à droite et à gauche :;\(f\) est dérivable en \(a \iff (f'_d(a)\) et \(f'_g(a)\) existent et \(f'_d(a) = f'_g(a)\));\(f\) est dérivable dès que \(f'_d(a)\) existe;\(f'_d(a)\) et \(f'_g(a)\) sont toujours opposées;La dérivabilité à droite n'a de sens que pour les fonctions positives;
Définition d'une fonction de classe \(\mathcal{C}^n\) sur \(I\) :;\(f\) est \(n\) fois dérivable sur \(I\) et sa dérivée \(n\)-ième \(f^{(n)}\) est continue sur \(I\);\(f\) admet des dérivées nulles à partir du rang \(n\);\(f\) est un polynôme de degré \(n\);\(f\) est continue \(n\) fois;
Formule de Leibniz pour la dérivée \(n\)-ième d'un produit \((fg)^{(n)}\) :;\((fg)^{(n)} = \sum_{k=0}^n \binom{n}{k} f^{(n-k)} g^{(k)}\);\((fg)^{(n)} = f^{(n)} g^{(n)}\);\((fg)^{(n)} = \sum_{k=0}^n f^{(k)} g^{(n-k)}\);\((fg)^{(n)} = n! \sum_{k=0}^n f^{(k)} g^{(k)}\);
Condition nécessaire d'extremum local pour une fonction dérivable en un point intérieur \(a\) :;\(f'(a) = 0\) (la réciproque est fausse, ex: \(f(x) = x^3\) en 0);\(f''(a) > 0\);\(f'(a) = 0\) est une condition suffisante d'extremum;\(f(a) = 0\);
Théorème de Rolle :;Si \(f\) est continue sur \([a, b]\), dérivable sur \(]a, b[\) et \(f(a) = f(b)\), alors \(\exists c \in ]a, b[, f'(c) = 0\);Si \(f(a) = f(b)\), alors \(f\) est constante sur \([a, b]\);Si \(f'(c) = 0\), alors \(f(a) = f(b)\);Si \(f\) est dérivable, elle admet un extremum en tout point;
Égalité des Accroissements Finis (Théorème des Accroissements Finis) :;Si \(f\) est continue sur \([a, b]\) et dérivable sur \(]a, b[\), alors \(\exists c \in ]a, b[, f(b) - f(a) = f'(c)(b - a)\);\(f(b) - f(a) = \frac{f'(b) - f'(a)}{b - a}\);\(f'(c) = \frac{f(b) + f(a)}{2}\);\(f(b) - f(a) \le f'(c)(b - a)\);
Inégalité des Accroissements Finis (IAF) :;Si \(m \le f'(x) \le M\) sur \(]a, b[\), alors \(m(b - a) \le f(b) - f(a) \le M(b - a)\);\(|f(b) - f(a)| \ge M|b - a|\);\(f(b) - f(a) = M - m\);\(m \le \frac{f(b)}{f(a)} \le M\);
Corollaire de l'IAF pour une dérivée bornée :;Si \(\forall x \in I, |f'(x)| \le k\), alors \(f\) est \(k\)-lipschitzienne sur \(I\) (\(\forall x, y \in I, |f(y) - f(x)| \le k|y - x|\));Si \(|f'(x)| \le k\), alors \(f\) est constante;\(f\) est bornée par \(k\) sur \(I\);\(f'(x)\) est continue sur \(I\);
Théorème de la limite de la dérivée (prolongement \(\mathcal{C}^1\)) :;Si \(f\) est continue sur \([a, b]\), \(\mathcal{C}^1\) sur \(]a, b]\) et \(\lim_{x \to a} f'(x) = l\), alors \(f\) est \(\mathcal{C}^1\) sur \([a, b]\) et \(f'(a) = l\);Si \(f'(x) \to l\), alors \(f(x) \to l\);La fonction \(f\) n'est dérivable qu'à droite de \(a\);Il faut que \(f''(x)\) converge également en \(a\);
Caractérisation de la monotonie par le signe de la dérivée sur un intervalle \(I\) :;\(f\) est croissante sur \(I \iff \forall x \in I^\circ, f'(x) \ge 0\) (et constante \(\iff f'(x) = 0\));\(f\) est croissante \(\iff f'(x) > 1\);\(f\) est constante \(\iff f''(x) = 0\);\(f'(x) \ge 0\) implique que \(f\) est strictement croissante;
Théorème de stricte croissance :;Si \(f\) est continue sur \(I\) et \(f'(x) > 0\) sur \(I^\circ\) (ou s'annule seulement en des points isolés), alors \(f\) est strictement croissante;Si \(f\) est strictement croissante, alors \(f'(x) > 0\) en tout point (faux, ex: \(x^3\) en 0);Une fonction dérivable de dérivée positive est toujours non bornée;\(f'(x) \ge 0\) implique que \(f\) est strictement monotone;
Définition d'un ensemble convexe \(C\) :;\(\forall x, y \in C, \forall t \in [0, 1], tx + (1-t)y \in C\) (le segment \([x, y]\) est contenu dans \(C\));Un ensemble fermé et borné;Un ensemble dont le complémentaire est ouvert;Un ensemble contenant son centre de gravité;
Définition d'une fonction convexe \(f\) sur \(I\) :;\(\forall a, b \in I, \forall \lambda \in [0, 1], f(\lambda a + (1-\lambda)b) \le \lambda f(a) + (1-\lambda)f(b)\);\(\forall a, b \in I, \forall \lambda \in [0, 1], f(\lambda a + (1-\lambda)b) \ge \lambda f(a) + (1-\lambda)f(b)\);\(f(x) \ge 0\) pour tout \(x\);\(f'(x)\) est constante;
Lien entre convexité d'une fonction et son épigraphe \(\{(x, y) \mid f(x) \le y\}\) :;\(f\) est convexe sur \(I \iff\) son épigraphe est un ensemble convexe du plan;\(f\) est convexe \(\iff\) son graphe est une droite;L'épigraphe d'une fonction concave est toujours vide;L'épigraphe est borné si et seulement si \(f\) est bornée;
Inégalité de convexité (inégalité de Jensen) :;Pour \(f\) convexe, \(a_i \in I\) et \(\lambda_i \ge 0\) t.q. \(\sum \lambda_i = 1\) : \(f\left(\sum_{i=1}^n \lambda_i a_i\right) \le \sum_{i=1}^n \lambda_i f(a_i)\);\(f\left(\sum \lambda_i a_i\right) \ge \sum \lambda_i f(a_i)\);\(f(\sum a_i) = \sum f(a_i)\);\(f\left(\frac{\sum a_i}{n}\right) = \frac{\sum f(a_i)}{n}\);
Inégalité des trois cordes pour une fonction convexe (pour \(x < y < z\)) :;\(\frac{f(y) - f(x)}{y - x} \le \frac{f(z) - f(x)}{z - x} \le \frac{f(z) - f(y)}{z - y}\);\(\frac{f(y) - f(x)}{y - x} \ge \frac{f(z) - f(y)}{z - y}\);\(f(y) \le f(x) + f(z)\);\(\frac{f(x)+f(y)+f(z)}{3} \ge 0\);
Caractérisation de la convexité par la dérivée première (pour \(f \in \mathcal{C}^1\)) :;\(f\) est convexe sur \(I \iff f'\) est croissante sur \(I\);\(f\) est convexe sur \(I \iff f'(x) \ge 0\);\(f\) est convexe sur \(I \iff f'(x) \le 0\);\(f\) est convexe sur \(I \iff f'\) est continue;
Caractérisation de la convexité par la dérivée seconde (pour \(f \in \mathcal{C}^2\)) :;\(f\) est convexe sur \(I \iff \forall x \in I, f''(x) \ge 0\);\(f\) est convexe sur \(I \iff \forall x \in I, f''(x) \le 0\);\(f\) est convexe sur \(I \iff f''(x) = 0\);\(f\) est convexe sur \(I \iff f''(x) > f'(x)\);
Position relative d'une courbe convexe par rapport à ses tangentes :;Le graphe d'une fonction convexe est toujours au-dessus de chacune de ses tangentes;Le graphe d'une fonction convexe est en dessous de ses tangentes;Le graphe coupe chaque tangente en deux points;La tangente est confondue avec la sécante;
Inégalité de convexité pour \(x \mapsto e^x\) :;\(\forall x \in \mathbb{R}, e^x \ge x + 1\);\(\forall x \in \mathbb{R}, e^x \le x + 1\);\(\forall x \in \mathbb{R}, e^x \ge 1 - x\);\(\forall x \in \mathbb{R}, e^x \le 1 + x + x^2\);
Inégalité de concavité pour \(t \mapsto \ln(t)\) :;\(\forall t > 0, \ln(t) \le t - 1\);\(\forall t > 0, \ln(t) \ge t - 1\);\(\forall t > 0, \ln(t) \le 1 - t\);\(\forall t > 0, \ln(t) \ge 1 - \frac{1}{t}\);
Inégalité arithmético-géométrique (conséquence de la concavité de \(\ln\)) :;\(\forall x_1, \dots, x_n > 0, (x_1 x_2 \dots x_n)^{1/n} \le \frac{x_1 + \dots + x_n}{n}\);\(\forall x_i > 0, (x_1 \dots x_n)^{1/n} \ge \frac{x_1 + \dots + x_n}{n}\);\(\prod x_i \le \sum x_i\);\((x_1 \dots x_n) = \left(\frac{\sum x_i}{n}\right)^n\);
Définition d'une subdivision de \([a, b]\) :;Une famille finie de points \(a = a_0 < a_1 < \dots < a_n = b\);Une partition de \([a, b]\) en intervalles non mesurables;L'ensemble de tous les rationnels de \([a, b]\);Une suite infinie dense dans \([a, b]\);
Définition d'une fonction en escalier \(\varphi\) sur \([a, b]\) :;Il existe une subdivision \((a_i)\) telle que \(\varphi\) est constante sur chaque intervalle ouvert \(]a_{i-1}, a_i[\);Une fonction discontinue en tout point;Une fonction polynomiale par morceaux;Une fonction strictement croissante à valeurs entières;
Définition d'une fonction continue par morceaux sur \([a, b]\) :;Il existe une subdivision \((a_i)\) t.q. \(f\) est continue sur chaque \(]a_{i-1}, a_i[\) et admet des limites finies à gauche et à droite en chaque point;Une fonction continue sur \([a, b]\) sauf en un point où elle vaut \(+\infty\);Une fonction en escalier;Une fonction dont la dérivée est continue par morceaux;
Définition de l'intégrale d'une fonction en escalier \(\varphi\) :;\(\int_a^b \varphi(x)dx = \sum_{i=1}^n \lambda_i (a_i - a_{i-1})\) où \(\lambda_i\) est la valeur constante sur \(]a_{i-1}, a_i[\);\(\int_a^b \varphi(x)dx = \sum_{i=1}^n \lambda_i\);\(\int_a^b \varphi(x)dx = \max \lambda_i (b - a)\);\(\int_a^b \varphi(x)dx = \frac{\lambda_1 + \lambda_n}{2}\);
Théorème d'encadrement de l'intégrale de Riemann pour \(f \in \mathcal{CM}([a, b])\) :;"\(\sup_{\varphi \le f} \int_a^b \varphi = \inf_{f \le \psi} \int_a^b \psi\) (avec \(\varphi, \psi\) en escalier) ; cette valeur commune est \(\int_a^b f(x)dx\)";L'intégrale est strictement supérieure à toutes les intégrales de fonctions en escalier;Il n'existe pas toujours de fonction en escalier encadrante;L'intégrale de Riemann n'est définie que pour les fonctions continues;
Propriété de linéarité de l'intégrale :;\(\forall \lambda, \mu \in \mathbb{R}, \int_a^b (\lambda f + \mu g) = \lambda \int_a^b f + \mu \int_a^b g\);\(\int_a^b (fg) = \left(\int_a^b f\right) \left(\int_a^b g\right)\);\(\int_a^b (f+g)^2 = \int_a^b f^2 + \int_a^b g^2\);\(\int_a^b \lambda f = \lambda^2 \int_a^b f\);
Propriété de positivité de l'intégrale (pour \(a \le b\)) :;Si \(f \ge 0\) sur \([a, b]\), alors \(\int_a^b f(x)dx \ge 0\);Si \(f \ge 0\), alors \(\int_a^b f(x)dx > 0\) strictement;\(\int_a^b f(x)dx \ge 0 \implies f \ge 0\);La positivité n'est vraie que si \(f\) est continue;
Propriété de croissance de l'intégrale (pour \(a \le b\)) :;Si \(f \le g\) sur \([a, b]\), alors \(\int_a^b f(x)dx \le \int_a^b g(x)dx\);Si \(f \le g\), alors \(f' \le g'\);\(\int_a^b f \le \int_a^b g \implies f \le g\);L'inégalité est stricte dès que \(f \neq g\) en un point isolé;
Inégalité triangulaire pour les intégrales (majoration en valeur absolue) :;\(\left| \int_a^b f(x)dx \right| \le \int_a^b |f(x)|dx\) (pour \(a \le b\));\(\left| \int_a^b f(x)dx \right| \ge \int_a^b |f(x)|dx\);\(\int_a^b |f(x)|dx = \left| \int_a^b f(x)dx \right|\);\(\left| \int_a^b f(x)dx \right| \le \sup |f|\);
Relation de Chasles pour les intégrales :;\(\int_a^b f(x)dx = \int_a^c f(x)dx + \int_c^b f(x)dx\) pour tous réels \(a, b, c\);\(\int_a^b f(x)dx = \int_a^c f(x)dx \times \int_c^b f(x)dx\);La relation n'est valable que si \(a < c < b\);\(\int_a^b f(x)dx = \int_b^a f(x)dx\);
Inégalité de la moyenne pour les intégrales :;\(\left| \int_a^b g(x)f(x)dx \right| \le \sup_{[a, b]} |f| \int_a^b |g(x)|dx\);\(\int_a^b f(x)dx \le \frac{f(a)+f(b)}{2}(b-a)\);\(\int_a^b fg \le \int_a^b f \times \sup g\);\(\int_a^b f(x)dx = (b-a) f\left(\frac{a+b}{2}\right)\);
Théorème d'annulation de l'intégrale d'une fonction continue positive :;Si \(f\) est continue, positive sur \([a, b]\) (avec \(a < b\)) et \(\int_a^b f(t)dt = 0\), alors \(f = 0\) sur \([a, b]\);Si \(\int_a^b f = 0\), alors \(f\) s'annule au moins une fois;Le résultat reste vrai si \(f\) est seulement continue par morceaux;\(f\) est nécessairement impaire;
Théorème de l'inégalité de Cauchy-Schwarz pour les intégrales continues sur \([a, b]\) :;\(\left(\int_a^b f(t)g(t)dt\right)^2 \le \left(\int_a^b f(t)^2 dt\right) \times \left(\int_a^b g(t)^2 dt\right)\);\(\int_a^b f(t)g(t)dt \le \int_a^b f(t)dt \times \int_a^b g(t)dt\);\(\left(\int_a^b (f+g)dt\right)^2 \le \int_a^b f^2 dt + \int_a^b g^2 dt\);\(\int_a^b |fg|dt = \sqrt{\int_a^b f^2 dt}\);
Théorème fondamental du calcul différentiel et intégral :;Si \(f \in \mathcal{C}([a, b])\), alors \(F(x) = \int_c^x f(t)dt\) est de classe \(\mathcal{C}^1\), \(F' = f\), et \(F\) est l'unique primitive s'annulant en \(c\);Toute fonction dérivable admet une intégrale nulle;L'intégrale d'une fonction continue par morceaux est toujours dérivable en tout point;\(F'(x) = f'(x)\);
Calcul d'une intégrale à l'aide d'une primitive : \(\int_a^b f(t)dt = \dots\);\(F(b) - F(a) = [F(t)]_a^b\) où \(F\) est une primitive de \(f\);\(F(b) + F(a)\);\(f'(b) - f'(a)\);\(F'(b) - F'(a)\);
Intégration d'une fonction paire sur \([-a, a]\) :;\(\int_{-a}^a f(x)dx = 2\int_0^a f(x)dx\);\(\int_{-a}^a f(x)dx = 0\);\(\int_{-a}^a f(x)dx = \int_0^a f(x)dx\);\(\int_{-a}^a f(x)dx = f(a)^2\);
Intégration d'une fonction impaire sur \([-a, a]\) :;\(\int_{-a}^a f(x)dx = 0\);\(\int_{-a}^a f(x)dx = 2\int_0^a f(x)dx\);\(\int_{-a}^a f(x)dx = f(a) - f(-a)\);\(\int_{-a}^a f(x)dx = 2f(0)\);
Formule d'Intégration Par Parties (IPP) sur \([a, b]\) :;\(\int_a^b u'(v)v(t)dt = [u(t)v(t)]_a^b - \int_a^b u(t)v'(t)dt\);\(\int_a^b u'v = [u'v']_a^b + \int_a^b uv'\);\(\int_a^b u'v = [uv]_a^b + \int_a^b uv'\);\(\int_a^b u'v = [u]_a^b [v]_a^b\);
Théorème du changement de variable pour une intégrale sur un segment :;\(\int_a^b f(\varphi(u))\varphi'(u)du = \int_{\varphi(a)}^{\varphi(b)} f(t)dt\) (avec \(\varphi \in \mathcal{C}^1\));\(\int_a^b f(\varphi(u))du = \int_{\varphi(a)}^{\varphi(b)} f(t)dt\);\(\int_a^b f(\varphi(u))\varphi'(u)du = \int_a^b f(t)dt\);\(\int_a^b f(\varphi(u))du = \frac{1}{\varphi'(u)} \int_a^b f(t)dt\);
Définition d'un développement limité à l'ordre \(n\) en \(a\) (\(DL_n(a)\)) :;\(f(x) = \sum_{k=0}^n a_k(x - a)^k + o((x - a)^n)\) au voisinage de \(a\);\(f(x) = \sum_{k=0}^n a_k x^k + \mathcal{O}(x^{n+1})\);\(f(x) = \sum_{k=0}^{+\infty} a_k(x - a)^k\);\(f(x) = f(a) + f'(a)(x-a)\);
Unicité du développement limité :;Si \(f\) admet un \(DL_n(a)\), alors sa partie régulière (polynôme) est unique;Une fonction peut avoir plusieurs parties régulières de même degré;L'unicité n'est vraie qu'en 0;L'unicité dépend du choix de la base de polynômes;
Lien entre \(DL_1(a)\) et dérivabilité en \(a\) :;\(f\) admet un \(DL_1(a) \iff f\) est dérivable en \(a\), et dans ce cas \(a_0 = f(a), a_1 = f'(a)\);L'existence d'un \(DL_2(a)\) implique que \(f\) est deux fois dérivable en \(a\) (faux en général);Tout \(DL_1(a)\) donne une approximation globale sur \(\mathbb{R}\);Une fonction continue admet toujours un \(DL_1(a)\);
Formule de Taylor avec reste intégral (pour \(f \in \mathcal{C}^{n+1}\)) :;\(f(x) = \sum_{k=0}^n \frac{(x-a)^k}{k!} f^{(k)}(a) + \int_a^x \frac{(x-t)^n}{n!} f^{(n+1)}(t)dt\);\(f(x) = \sum_{k=0}^n \frac{(x-a)^k}{k!} f^{(k)}(a) + \int_a^x (x-t) f^{(n+1)}(t)dt\);\(f(x) = \sum_{k=0}^n (x-a)^k f^{(k)}(a) + \frac{f^{(n+1)}(c)}{(n+1)!}\);\(f(x) = \int_a^x f^{(n)}(t)dt\);
Inégalité de Taylor-Lagrange à l'ordre \(n\) sur un intervalle \(I\) :;\(|R_n(x)| \le \sup_{t \in [a, x]} |f^{(n+1)}(t)| \frac{|x - a|^{n+1}}{(n+1)!}\);\(|R_n(x)| \le \sup |f^{(n)}(t)| \frac{|x - a|^n}{n!}\);\(|R_n(x)| \le \frac{|f(x) - f(a)|}{n+1}\);\(|R_n(x)| \le M |x - a|^n\);
Formule de Taylor-Young à l'ordre \(n\) en \(a\) (pour \(f \in \mathcal{C}^n\)) :;\(f(x) = f(a) + \sum_{k=1}^n \frac{f^{(k)}(a)}{k!} (x - a)^k + o((x - a)^n)\);\(f(x) = \sum_{k=0}^n f^{(k)}(a)(x - a)^k + \mathcal{O}((x - a)^{n+1})\);\(f(x) = \sum_{k=0}^n \frac{f^{(k)}(a)}{n!} (x - a)^n\);\(f(x) = f(a) + f'(a)(x-a) + o(x-a)\);
DL usuel en 0 de \(e^x\) à l'ordre \(n\) :;\(e^x = 1 + x + \frac{x^2}{2!} + \dots + \frac{x^n}{n!} + o(x^n)\);\(e^x = 1 - x + \frac{x^2}{2!} - \dots + (-1)^n \frac{x^n}{n!} + o(x^n)\);\(e^x = x + \frac{x^2}{2} + \dots + \frac{x^n}{n} + o(x^n)\);\(e^x = 1 + x + x^2 + \dots + x^n + o(x^n)\);
DL usuel en 0 de \(\cos(x)\) à l'ordre \(2p+1\) :;\(\cos(x) = 1 - \frac{x^2}{2!} + \frac{x^4}{4!} - \dots + (-1)^p \frac{x^{2p}}{(2p)!} + o(x^{2p+1})\);\(\cos(x) = x - \frac{x^3}{3!} + \dots + (-1)^p \frac{x^{2p+1}}{(2p+1)!} + o(x^{2p+1})\);\(\cos(x) = 1 + \frac{x^2}{2} + \frac{x^4}{24} + o(x^4)\);\(\cos(x) = \sum_{k=0}^p \frac{x^{2k}}{k!} + o(x^{2p})\);
DL usuel en 0 de \(\sin(x)\) à l'ordre \(2p+2\) :;\(\sin(x) = x - \frac{x^3}{3!} + \frac{x^5}{5!} - \dots + (-1)^p \frac{x^{2p+1}}{(2p+1)!} + o(x^{2p+2})\);\(\sin(x) = 1 - \frac{x^2}{2!} + \dots + o(x^{2p})\);\(\sin(x) = \sum_{k=0}^p \frac{x^{2k+1}}{(2k)!} + o(x^{2p+1})\);\(\sin(x) = x + \frac{x^3}{6} + \frac{x^5}{120} + o(x^5)\);
DL usuel en 0 de \(\frac{1}{1+x}\) à l'ordre \(n\) :;\(\frac{1}{1+x} = 1 - x + x^2 - x^3 + \dots + (-1)^n x^n + o(x^n)\);\(\frac{1}{1+x} = 1 + x + x^2 + \dots + x^n + o(x^n)\);\(\frac{1}{1+x} = 1 - x + \frac{x^2}{2} - \frac{x^3}{3} + o(x^n)\);\(\frac{1}{1+x} = 1 - x^n + o(x^n)\);
DL usuel en 0 de \(\frac{1}{1-x}\) à l'ordre \(n\) :;\(\frac{1}{1-x} = 1 + x + x^2 + x^3 + \dots + x^n + o(x^n)\);\(\frac{1}{1-x} = 1 - x + x^2 - \dots + (-1)^n x^n + o(x^n)\);\(\frac{1}{1-x} = x + \frac{x^2}{2} + \frac{x^3}{3} + o(x^n)\);\(\frac{1}{1-x} = 1 + x^n + o(x^n)\);
DL usuel en 0 de \(\ln(1+x)\) à l'ordre \(n\) :;\(\ln(1+x) = x - \frac{x^2}{2} + \frac{x^3}{3} - \dots + (-1)^{n-1} \frac{x^n}{n} + o(x^n)\);\(\ln(1+x) = x + \frac{x^2}{2} + \frac{x^3}{3} + \dots + \frac{x^n}{n} + o(x^n)\);\(\ln(1+x) = 1 + x - \frac{x^2}{2} + o(x^2)\);\(\ln(1+x) = \sum_{k=1}^n (-1)^k \frac{x^k}{k!} + o(x^n)\);
DL usuel en 0 de \((1+x)^\alpha\) à l'ordre \(n\) :;\(1 + \alpha x + \frac{\alpha(\alpha-1)}{2!} x^2 + \dots + \frac{\alpha(\alpha-1)\dots(\alpha-n+1)}{n!} x^n + o(x^n)\);\(1 + \alpha x + \alpha^2 x^2 + \dots + \alpha^n x^n + o(x^n)\);\(\alpha + \alpha x + \frac{\alpha}{2} x^2 + o(x^2)\);\(1 + \alpha x^n + o(x^n)\);
Théorème d'intégration terme à terme d'un DL (primitivation) :;Si \(f'\) admet un \(DL_n(0) : f'(x) = \sum_{k=0}^n a_k x^k + o(x^n)\), alors \(f\) admet un \(DL_{n+1}(0) : f(x) = f(0) + \sum_{k=0}^n \frac{a_k}{k+1} x^{k+1} + o(x^{n+1})\);On peut dériver un DL quelconque terme à terme sans hypothèse;La primitive d'un DL d'ordre \(n\) est un DL d'ordre \(n-1\);L'intégration d'un DL n'est possible que si \(f(0) = 0\);
Définition formelle de la convergence d'une suite réelle \((u_n)\) vers \(l \in \mathbb{R}\) :;\(\forall \varepsilon > 0, \exists N \in \mathbb{N}, \forall n \ge N, |u_n - l| \le \varepsilon\);\(\exists \varepsilon > 0, \forall N \in \mathbb{N}, \forall n \ge N, |u_n - l| \le \varepsilon\);\(\forall N \in \mathbb{N}, \forall n \ge N, |u_n - l| = 0\);\(\forall \varepsilon > 0, \forall n, |u_n - l| < \varepsilon\);
Lien entre convergence et caractère borné pour une suite :;Toute suite convergente est bornée (la réciproque est fausse, ex: \((-1)^n\));Toute suite bornée est convergente;Une suite est convergente si et seulement si elle est bornée;Une suite divergente n'est jamais bornée;
Unicité de la limite d'une suite :;Si une suite \((u_n)\) converge, sa limite \(l\) est unique;Une suite bornée admet au moins deux limites;La limite dépend de l'extractrice choisie;L'unicité n'est garantie que pour les suites monotones;
Définition formelle de \(\lim_{n \to +\infty} u_n = +\infty\) :;\(\forall A \in \mathbb{R}, \exists N \in \mathbb{N}, \forall n \ge N, u_n \ge A\);\(\exists A \in \mathbb{R}, \forall N \in \mathbb{N}, u_N \ge A\);\(\forall n \in \mathbb{N}, u_{n+1} > u_n\);\(\forall A > 0, u_n \ge nA\);
Définition d'une suite de Cauchy dans \(\mathbb{R}\) :;\(\forall \varepsilon > 0, \exists N \in \mathbb{N}, \forall n, m \ge N, |u_n - u_m| < \varepsilon\);\(\forall \varepsilon > 0, \exists N \in \mathbb{N}, \forall n \ge N, |u_{n+1} - u_n| < \varepsilon\);\(\lim_{n \to \infty} (u_{2n} - u_n) = 0\);\(\forall n, m, |u_n - u_m| \le 1\);
Propriété fondamentale de complétude de \(\mathbb{R}\) :;Une suite réelle \((u_n)\) converge dans \(\mathbb{R} \iff\) elle est de Cauchy;Toute suite de Cauchy dans \(\mathbb{Q}\) converge dans \(\mathbb{Q}\);Toute suite bornée est de Cauchy;Les suites de Cauchy sont toujours monotones;
Théorème de convergence monotone pour les suites réelles :;Toute suite croissante et majorée converge vers sa borne supérieure (et toute suite décroissante minorée converge vers sa borne inférieure);Toute suite croissante diverge vers \(+\infty\);Toute suite majorée est convergente;Une suite croissante non majorée admet une limite finie;
Théorème des gendarmes pour les suites :;Si \(u_n \le v_n \le w_n\) à partir d'un certain rang et \(u_n \to l, w_n \to l\), alors \((v_n)\) converge et \(v_n \to l\);Si \(u_n \le v_n\), alors \(\lim u_n < \lim v_n\);Si \(u_n \to 0\), alors \(v_n \to 0\);Les suites doivent être strictement monotones;
Définition de deux suites adjacentes :;\((u_n)\) est croissante, \((v_n)\) est décroissante, et \(\lim_{n \to +\infty} (v_n - u_n) = 0\);\((u_n)\) et \((v_n)\) sont toutes deux croissantes et de même limite;\(u_n \le v_n\) pour tout \(n\);\(u_n + v_n = 0\) pour tout \(n\);
Théorème des suites adjacentes :;Deux suites adjacentes convergent vers la même limite finie \(l\), et \(\forall n \in \mathbb{N}, u_n \le l \le v_n\);Deux suites adjacentes ont des limites opposées;Deux suites adjacentes divergent vers \(+\infty\);La limite commune vaut toujours 0;
Théorème des segments emboîtés :;Si \(S_n = [a_n, b_n]\) avec \(S_{n+1} \subset S_n\) et \(b_n - a_n \to 0\), alors \(\bigcap_{n \in \mathbb{N}} S_n\) est un singleton \(\{l\}\);L'intersection d'une suite de segments emboîtés est toujours vide;La longueur des segments emboîtés tend obligatoirement vers 1;L'intersection de segments fermés est un intervalle ouvert;
Définition d'une suite extraite (sous-suite) :;Une suite \((v_n)\) de la forme \(v_n = u_{\Phi(n)}\) où \(\Phi : \mathbb{N} \to \mathbb{N}\) est une application strictement croissante;Une suite obtenue en inversant l'ordre des termes;La suite des moyennes partielles de \((u_n)\);Une suite formée uniquement des termes positifs;
Théorème sur les suites extraites d'une suite convergente :;Toute suite extraite d'une suite qui converge vers \(l\) converge également vers \(l\);Une suite extraite peut converger vers une limite différente;Si une suite extraite converge, la suite globale converge;Les suites extraites sont toujours monotones;
Théorème de recollement pour les sous-suites paires et impaires :;Si \((u_{2n})\) et \((u_{2n+1})\) convergent vers la même limite \(l\), alors \((u_n)\) converge vers \(l\);Si \((u_{2n})\) converge, alors \((u_n)\) converge;Si \((u_{2n})\) et \((u_{2n+1})\) convergent vers des limites distinctes, \((u_n)\) converge vers leur moyenne;Les suites paires et impaires ont toujours des limites opposées;
Théorème de Bolzano-Weierstrass pour les suites réelles :;De toute suite réelle bornée, on peut extraire une sous-suite convergente;Toute suite bornée est convergente;Toute suite extraite d'une suite divergente diverge;Il existe une unique suite extraite convergente pour chaque suite;
Convergence d'une suite complexe \(z_n = x_n + i y_n\) :;\((z_n)\) converge vers \(l = a + ib \iff (x_n \to a \text{ et } y_n \to b) \iff |z_n - l| \to 0\);\((z_n)\) converge si et seulement si \(|z_n|\) est bornée;Une suite complexe converge si et seulement si \(\arg(z_n)\) est constant;Une suite complexe ne peut pas converger vers un nombre réel;
Définition de la somme partielle d'ordre \(N\) d'une série :;\(S_N = \sum_{n=0}^N u_n\);\(S_N = u_N - u_0\);\(S_N = \frac{u_N}{N}\);\(S_N = \sum_{n=N}^{+\infty} u_n\);
Définition de la convergence d'une série numérique \(\sum u_n\) :;La suite des sommes partielles \((S_N)_{N \in \mathbb{N}}\) converge vers une limite finie \(S = \sum_{n=0}^{+\infty} u_n\);Le terme général \(u_n\) tend vers 1;La suite \((u_n)\) est décroissante;Tous les termes \(u_n\) sont strictement positifs;
Condition nécessaire de convergence (divergence grossière) :;Si \(\sum u_n\) converge, alors \(\lim_{n \to +\infty} u_n = 0\) (si \(u_n \not\to 0\), la série diverge grossièrement);Si \(u_n \to 0\), alors \(\sum u_n\) converge (la réciproque est vraie);La convergence implique que \(u_n = \mathcal{O}(1/n^2)\);Une série diverge si et seulement si \(u_n \to +\infty\);
Propriété du reste d'une série convergente :;Si \(\sum u_n\) converge, son reste \(R_N = \sum_{n=N+1}^{+\infty} u_n\) tend vers 0 quand \(N \to +\infty\);Le reste \(R_N\) est toujours constant;Le reste \(R_N\) tend vers la somme \(S\);Le reste est borné par \(u_0\);
Critère fondamental pour les séries à termes positifs :;Une série à termes positifs converge si et seulement si sa suite de sommes partielles \((S_n)\) est majorée;Elle converge si et seulement si \(u_n < 1\);Elle converge si et seulement si \(u_{n+1} - u_n \le 0\);Toute série à termes positifs converge;
Théorème de comparaison pour les séries à termes positifs (si \(0 \le u_n \le v_n\)) :;Si \(\sum v_n\) converge, alors \(\sum u_n\) converge (et si \(\sum u_n\) diverge, alors \(\sum v_n\) diverge);Si \(\sum u_n\) converge, alors \(\sum v_n\) converge;Les deux séries ont la même somme;Si \(\sum v_n\) diverge, alors \(\sum u_n\) diverge;
Critère de domination / négligeabilité pour séries à termes positifs :;Si \(u_n = \mathcal{O}(v_n)\) ou \(u_n = o(v_n)\) avec \(v_n \ge 0\), alors \(\sum v_n\) converge \(\implies \sum u_n\) converge;Si \(u_n = o(v_n)\), alors \(\sum u_n\) diverge;Si \(u_n = \mathcal{O}(v_n)\), alors \(\sum u_n = \sum v_n\);Le critère s'applique même si \(v_n\) change de signe;
Critère d'équivalence pour séries à termes positifs :;Si \(u_n \sim_{+\infty} v_n\) avec \(u_n, v_n \ge 0\), alors \(\sum u_n\) et \(\sum v_n\) sont de même nature;Si \(u_n \sim v_n\), alors leurs sommes sont rigoureusement égales;Le critère s'applique même si les termes changent de signe de manière quelconque;Si \(u_n \sim v_n\), alors \(\sum (u_n - v_n)\) converge toujours vers 0;
Convergence et somme de la série géométrique \(\sum q^n\) (\(q \in \mathbb{C}\)) :;Converge si et seulement si \(|q| < 1\), et \(\sum_{n=0}^{+\infty} q^n = \frac{1}{1 - q}\);Converge si et seulement si \(|q| \le 1\);Converge si et seulement si \(q > 0\);Diverge pour tout \(q \neq 0\);
Règle de Riemann pour les séries : \(\sum \frac{1}{n^\alpha}\) converge si et seulement si :;\(\alpha > 1\);\(\alpha \ge 1\);\(\alpha > 0\);\(\alpha < 1\);
Comparaison série-intégrale pour \(f\) continue, positive et décroissante sur \([n_0, +\infty[\) :;\(\sum f(n)\) converge \(\iff f\) est intégrable sur \([n_0, +\infty[\);\(\sum f(n) = \int_{n_0}^{+\infty} f(t)dt\) toujours;La série converge si et seulement si \(f(x) \to 0\);L'équivalence n'est vraie que si \(f\) est convexe;
Critère de d'Alembert pour une série à termes strictement positifs :;"Si \(\lim \frac{u_{n+1}}{u_n} = l < 1\), elle converge ; si \(l > 1\), elle diverge ; si \(l = 1\), cas douteux";Si \(\lim \frac{u_{n+1}}{u_n} = 1\), elle converge;Si \(\lim \frac{u_{n+1}}{u_n} = l < 1\), elle diverge;Elle converge si et seulement si \(u_{n+1} < u_n\);
Critère de Cauchy (règle de la racine \(n\)-ième) :;"Si \(\lim \sqrt[n]{u_n} = l < 1\), elle converge ; si \(l > 1\), elle diverge ; si \(l = 1\), cas douteux";Si \(\lim \sqrt[n]{u_n} = 1\), elle converge;Si \(\lim \sqrt[n]{u_n} = 0\), elle diverge;Le critère ne s'applique qu'aux séries de Riemann;
Définition et théorème de la convergence absolue :;"\(\sum u_n\) est absolument convergente si \(\sum |u_n|\) converge ; l'absolue convergence implique la convergence simple (et \(|\sum u_n| \le \sum |u_n|\))";La convergence simple implique l'absolue convergence;Une série absolument convergente a une somme nulle;L'absolue convergence ne s'applique qu'aux séries réelles;
Critère Spécial des Séries Alternées (CSSA) :;Si \(u_n = (-1)^n a_n\) avec \((a_n)\) positive, décroissante et \(\lim a_n = 0\), alors \(\sum u_n\) converge et \(|R_N| \le a_{N+1}\);Toute série alternée converge;Si \((-1)^n u_n \to 0\), la série converge absolument;La somme d'une série alternée est toujours égale à son premier terme;
Théorème de Fubini / interversion des signes sommes pour les séries doubles \(\sum_{m} \sum_{n} u_{n,m}\) :;Si \(\sum_{n=0}^{+\infty} \sum_{m=0}^{+\infty} |u_{n,m}| < +\infty\), alors on peut intervertir les sommes : \(\sum_{m=0}^{+\infty} \sum_{n=0}^{+\infty} u_{n,m} = \sum_{n=0}^{+\infty} \sum_{m=0}^{+\infty} u_{n,m}\);On peut toujours intervertir deux sommes infinies sans condition;L'interversion est autorisée si et seulement si \(u_{n,m} = u_{m,n}\);L'interversion n'est possible que si l'un des indices est fini;
Définition de la convergence simple d'une suite de fonctions \((f_n)\) sur \(A\) :;\(\forall x \in A, \lim_{n \to +\infty} f_n(x) = f(x)\) (le rang \(n_0\) dépend de \(x\) et de \(\varepsilon\));\(\lim_{n \to +\infty} \sup_{x \in A} |f_n(x) - f(x)| = 0\);\(\forall n, f_n\) est continue sur \(A\);\(\int_A f_n(t)dt \to \int_A f(t)dt\);
Définition de la norme infinie \(\|f\|_{\infty, A}\) sur un ensemble \(A\) :;\(\|f\|_{\infty, A} = \sup_{x \in A} |f(x)|\);\(\|f\|_{\infty, A} = \int_A |f(x)|dx\);\(\|f\|_{\infty, A} = \lim_{x \to +\infty} f(x)\);\(\|f\|_{\infty, A} = \max(f(A)) - \min(f(A))\);
Définition de la convergence uniforme d'une suite de fonctions \((f_n)\) sur \(A\) :;\(\lim_{n \to +\infty} \|f_n - f\|_{\infty, A} = 0\) (le rang \(n_0\) est uniforme pour tous les \(x \in A\));\(\forall x \in A, \lim_{n \to +\infty} f_n(x) = f(x)\);\(\forall n, \|f_n\| \le M\);\(f_n(x) = f(x) + \mathcal{O}(1/n)\);
Hiérarchie des modes de convergence pour les suites de fonctions :;Convergence uniforme \(\implies\) Convergence simple (la réciproque est fausse, ex: \(f_n(x) = x^n\) sur \([0, 1]\));Convergence simple \(\implies\) Convergence uniforme;Convergence simple et uniforme sont équivalentes sur un segment;La convergence uniforme n'implique rien sur les limites ponctuelles;
Théorème de la double limite (permutation des limites) :;Si \((f_n)\) converge uniformément vers \(f\) sur \(A\) et chaque \(f_n\) admet en \(a\) une limite finie \(l_n\), alors \((l_n)\) converge vers \(l\) et \(\lim_{x \to a} f(x) = l\);On peut toujours permuter limite en \(x\) et limite en \(n\) sous simple convergence;La limite \(l\) est égale à \(f(a)\) même si \(f_n\) est discontinue;Le théorème n'est valable qu'en un point intérieur;
Théorème de continuité pour la limite uniforme d'une suite de fonctions :;Si chaque \(f_n\) est continue sur \(A\) et que \((f_n)\) converge uniformément vers \(f\) sur \(A\), alors \(f\) est continue sur \(A\);Si chaque \(f_n\) est continue et converge simplement, alors \(f\) est continue;La limite simple d'une suite de fonctions continues est toujours dérivable;La continuité uniforme de chaque \(f_n\) suffit sans convergence uniforme;
Théorème d'intégration terme à terme sur un segment :;Si \((f_n)\) converge uniformément vers \(f\) sur \([a, b]\), alors \(\lim_{n \to +\infty} \int_a^b f_n(t)dt = \int_a^b f(t)dt\);La convergence simple suffit pour intervertir limite et intégrale sur un segment;L'intégrale de la limite est toujours strictement supérieure à la limite des intégrales;On ne peut intervertir que si les fonctions sont polynomiales;
Théorème de dérivation pour les suites de fonctions :;Si \(f_n \in \mathcal{C}^1(I)\), \((f_n)\) converge simplement vers \(f\) et \((f'_n)\) converge uniformément vers \(g\), alors \(f \in \mathcal{C}^1(I)\) et \(f' = g\);Si \(f_n \to f\) uniformément, alors \(f'_n \to f'\) simplement;La convergence uniforme de \((f_n)\) garantit que \(f\) est dérivable;On peut toujours dériver la limite simple d'une suite de fonctions;
Théorème de Convergence Dominée (TCD) de Lebesgue :;Si \(f_n \to f\) simplement, avec \(|f_n| \le \varphi\) où \(\varphi\) est continue par morceaux et intégrable indépendante de \(n\), alors \(\lim \int_I f_n = \int_I f\);Si \(f_n \to f\) simplement et \(f_n \ge 0\), alors \(\int f_n \to \int f\);Toute suite de fonctions bornées vérifie l'interversion limite-intégrale;L'hypothèse de domination \(|f_n| \le \varphi\) doit dépendre de \(n\);
Définition de la convergence simple d'une série de fonctions \(\sum f_n\) :;Pour tout \(x \in A\), la série numérique \(\sum f_n(x)\) converge (sa somme est notée \(S(x) = \sum_{n=0}^{+\infty} f_n(x)\));La suite des termes généraux \(f_n\) tend uniformément vers 0;La série converge vers une fonction constante;\(\int_A \sum f_n = 0\);
Définition de la convergence uniforme d'une série de fonctions \(\sum f_n\) :;La suite des sommes partielles \(S_N(x) = \sum_{n=0}^N f_n(x)\) converge uniformément vers \(S(x)\) sur \(A\);\(\sum \|f_n\|_\infty < +\infty\);Chaque terme \(f_n\) est uniformément continu;\(\lim_{N \to \infty} S_N(x) = 0\);
Définition de la convergence normale d'une série de fonctions \(\sum f_n\) :;La série numérique \(\sum \|f_n\|_{\infty, A}\) converge (ou \(\|f_n\|_\infty \le \alpha_n\) avec \(\sum \alpha_n\) convergente);La série converge simplement et absolument en tout point;\(\lim_{n \to +\infty} \|f_n\|_\infty = 0\);La somme partielle \(S_N\) est bornée par 1;
Hiérarchie fondamentale des convergences pour les séries de fonctions :;Convergence normale \(\implies\) Convergence uniforme \(\implies\) Convergence simple;Convergence simple \(\implies\) Convergence uniforme \(\implies\) Convergence normale;Convergence uniforme \(\implies\) Convergence normale;Convergence absolue \(\implies\) Convergence normale;
Théorème de continuité pour la somme d'une série de fonctions :;Si chaque \(f_n\) est continue et \(\sum f_n\) converge uniformément sur \(A\), alors sa somme \(S = \sum_{n=0}^{+\infty} f_n\) est continue sur \(A\);La convergence simple suffit pour garantir la continuité de la somme;La somme d'une série de fonctions continues est toujours dérivable;La continuité n'est garantie que si la convergence est normale et polynomiale;
Théorème d'intégration terme à terme pour une série de fonctions sur \([a, b]\) :;Si \(\sum f_n\) converge uniformément sur \([a, b]\) avec chaque \(f_n\) continue, alors \(\int_a^b \left(\sum_{n=0}^{+\infty} f_n(t)\right)dt = \sum_{n=0}^{+\infty} \int_a^b f_n(t)dt\);On peut toujours intervertir somme infinie et intégrale sous simple convergence;L'intégrale de la somme est strictement supérieure à la somme des intégrales;L'interversion n'est possible que pour les séries entières;
Théorème de dérivation terme à terme pour une série de fonctions :;Si \(f_n \in \mathcal{C}^1(I)\), \(\sum f_n\) converge simplement vers \(S\) et \(\sum f'_n\) converge uniformément (sur les segments), alors \(S \in \mathcal{C}^1(I)\) et \(S' = \sum_{n=0}^{+\infty} f'_n\);Si \(\sum f_n\) converge uniformément, alors sa somme est automatiquement dérivable;On peut dériver terme à terme dès que chaque \(f_n\) est dérivable;La dérivée de la somme vaut \(\sum f_n\);
Définition d'une série entière de la variable \(x \in \mathbb{R}\) (ou \(\mathbb{C}\)) :;Une série de fonctions de la forme \(\sum a_n x^n\) où \(a_n\) sont des coefficients constants;Une série de Taylor où \(a_n = n!\);Une suite polynomiale de degré infini sans terme constant;Une série où \(x\) est obligatoirement un entier relatif;
Lemme d'Abel pour les séries entières :;Si \((a_n r_0^n)\) est bornée pour un \(r_0 > 0\), alors pour tout \(|x| < r_0\), \(\sum a_n x^n\) converge absolument;Si \(a_n \to 0\), la série converge pour tout \(x \in \mathbb{R}\);Si la série diverge en \(x_0\), elle converge pour tout \(|x| < |x_0|\);Le rayon de convergence vaut toujours \(r_0\);
Définition et théorème du rayon de convergence \(R\) d'une série entière \(\sum a_n x^n\) :;L'unique \(R \in [0, +\infty]\) t.q. la série converge absolument pour \(|x| < R\) et diverge pour \(|x| > R\);Le plus grand \(x\) où la série vaut 0;La limite de la suite \((a_n)\);L'intervalle \([-R, R]\) fermé où la série est continue;
Comportement sur le disque ouvert de convergence \(|x| < R\) :;\((a_n x^n)\) est bornée, tend vers 0, et la série \(\sum a_n x^n\) converge absolument;La série converge simplement mais jamais absolument;La somme vaut toujours 0;La série ne converge qu'en \(x = 0\);
Comportement en dehors du disque de convergence \(|x| > R\) :;\((a_n x^n)\) n'est pas bornée, ne tend pas vers 0, et la série diverge grossièrement;La série converge vers \(+\infty\);La suite des sommes partielles est bornée;La série oscille entre -1 et 1;
Règle de d'Alembert pour le calcul du rayon de convergence \(R\) :;Si \(\lim_{n \to +\infty} \left|\frac{a_{n+1}}{a_n}\right| = l\), alors \(R = \frac{1}{l}\) (avec conventions \(1/0 = +\infty\) et \(1/+\infty = 0\));\(R = l\);\(R = \lim |a_n|\);\(R = \sqrt{l}\);
Comparaison des rayons de convergence : si \(|a_n| \le |b_n|\) ou \(a_n = \mathcal{O}(b_n)\) ou \(a_n = o(b_n)\) :;\(R_a \ge R_b\);\(R_a \le R_b\);\(R_a = R_b\);\(R_a + R_b = 1\);
Rayon de convergence et équivalents : si \(a_n \sim_{+\infty} b_n\) :;\(R_a = R_b\);\(R_a \ge R_b\);\(R_a > R_b\);On ne peut rien conclure;
Rayon de convergence après multiplication par un scalaire \(\sum (\lambda a_n) x^n\) (avec \(\lambda \neq 0\)) :;Le rayon de convergence reste égal à \(R\);Le rayon est multiplié par \(|\lambda|\);Le rayon devient \(R/|\lambda|\);Le rayon devient \(+\infty\);
Rayon de convergence de la série somme \(\sum (a_n + b_n)x^n\) :;\(R \ge \min(R_a, R_b)\), avec égalité stricte \(R = \min(R_a, R_b)\) dès que \(R_a \neq R_b\);\(R = R_a + R_b\);\(R = \max(R_a, R_b)\);\(R = \sqrt{R_a R_b}\);
Produit de Cauchy de deux séries entières \(\sum a_n x^n\) et \(\sum b_n x^n\) :;\(\sum c_n x^n\) avec \(c_n = \sum_{k=0}^n a_k b_{n-k}\), de rayon \(R_c \ge \min(R_a, R_b)\);\(\sum a_n b_n x^n\) de rayon \(R_a R_b\);\(\sum (a_n + b_n)x^{2n}\);\(\sum \frac{a_n}{b_n} x^n\);
Continuité de la somme d'une série entière sur \(]-R, R[\) :;Pour tout \(\rho < R\), \(\sum a_n x^n\) converge normalement sur \([-\rho, \rho]\), donc la somme est continue sur \(]-R, R[\);La somme est discontinue aux points où \(x > 0\);La convergence uniforme a lieu sur \(\mathbb{R}\) tout entier;La continuité n'est vraie que si \(R = +\infty\);
Dérivation terme à terme et régularité de la somme d'une série entière :;La somme \(S(x) = \sum_{n=0}^{+\infty} a_n x^n\) est de classe \(\mathcal{C}^\infty\) sur \(]-R, R[\), et \(S'(x) = \sum_{n=1}^{+\infty} n a_n x^{n-1}\) a le même rayon \(R\);La dérivée a un rayon strictement plus petit \(R - 1\);La somme n'est dérivable qu'une seule fois;La dérivation terme à terme n'est permise qu'en 0;
Intégration terme à terme d'une série entière sur \(]-R, R[\) :;\(\int_0^x \left(\sum_{n=0}^{+\infty} a_n t^n\right)dt = \sum_{n=0}^{+\infty} \frac{a_n}{n+1} x^{n+1}\), de même rayon de convergence \(R\);Le rayon de convergence de l'intégrale est \(R+1\);L'intégration terme à terme détruit la convergence;L'intégrale n'est définie que pour \(x \ge 0\);
Définition d'une fonction Développable en Série Entière (DSE) en 0 :;Il existe une série entière \(\sum a_n x^n\) de rayon \(R > 0\) telle que \(f(x) = \sum_{n=0}^{+\infty} a_n x^n\) sur un intervalle \(]-r, r[\) (avec \(r \le R\));\(f\) est un polynôme;\(f\) est de classe \(\mathcal{C}^1\);\(f\) s'annule en 0;
Théorème d'unicité du DSE et formule des coefficients de Taylor :;Si \(f\) est DSE en 0, alors \(f \in \mathcal{C}^\infty\) et ses coefficients sont uniques : \(a_n = \frac{f^{(n)}(0)}{n!}\);\(a_n = f^{(n)}(0)\);\(a_n = n! f(0)\);Les coefficients ne sont pas uniques et dépendent du rayon;
DSE usuel de \(e^x\) et son rayon de convergence :;\(e^x = \sum_{n=0}^{+\infty} \frac{x^n}{n!}\) avec \(R = +\infty\);\(e^x = \sum_{n=0}^{+\infty} x^n\) avec \(R = 1\);\(e^x = \sum_{n=1}^{+\infty} \frac{x^n}{n}\) avec \(R = +\infty\);\(e^x = 1 + \sum_{n=1}^{+\infty} n! x^n\) avec \(R = 0\);
DSE usuel de \(\cos(x)\) et son rayon de convergence :;\(\cos(x) = \sum_{n=0}^{+\infty} (-1)^n \frac{x^{2n}}{(2n)!}\) avec \(R = +\infty\);\(\cos(x) = \sum_{n=0}^{+\infty} \frac{x^{2n}}{(2n)!}\) avec \(R = 1\);\(\cos(x) = \sum_{n=0}^{+\infty} (-1)^n \frac{x^{2n+1}}{(2n+1)!}\) avec \(R = +\infty\);\(\cos(x) = 1 - \frac{x^2}{2}\) avec \(R = 2\);
DSE usuel de \(\sin(x)\) et son rayon de convergence :;\(\sin(x) = \sum_{n=0}^{+\infty} (-1)^n \frac{x^{2n+1}}{(2n+1)!}\) avec \(R = +\infty\);\(\sin(x) = \sum_{n=0}^{+\infty} (-1)^n \frac{x^{2n}}{(2n)!}\) avec \(R = +\infty\);\(\sin(x) = \sum_{n=0}^{+\infty} \frac{x^{2n+1}}{n!}\) avec \(R = 1\);\(\sin(x) = x - \frac{x^3}{6}\) avec \(R = \pi\);
DSE usuel de \(\frac{1}{1-x}\) et son rayon de convergence :;\(\frac{1}{1-x} = \sum_{n=0}^{+\infty} x^n\) avec \(R = 1\);\(\frac{1}{1-x} = \sum_{n=0}^{+\infty} (-1)^n x^n\) avec \(R = +\infty\);\(\frac{1}{1-x} = \sum_{n=1}^{+\infty} \frac{x^n}{n}\) avec \(R = 1\);\(\frac{1}{1-x} = 1 - x + x^2\) avec \(R = +\infty\);
DSE usuel de \(\ln(1-x)\) et son rayon de convergence :;\(\ln(1-x) = -\sum_{n=1}^{+\infty} \frac{x^n}{n}\) avec \(R = 1\);\(\ln(1-x) = \sum_{n=1}^{+\infty} (-1)^n \frac{x^n}{n}\) avec \(R = 1\);\(\ln(1-x) = -\sum_{n=0}^{+\infty} \frac{x^n}{n!}\) avec \(R = +\infty\);\(\ln(1-x) = 1 - x + \frac{x^2}{2}\) avec \(R = 1\);
DSE usuel de \((1+x)^\alpha\) (pour \(\alpha \in \mathbb{R} \setminus \mathbb{N}\)) :;\((1+x)^\alpha = 1 + \sum_{n=1}^{+\infty} \frac{\alpha(\alpha-1)\dots(\alpha-n+1)}{n!} x^n\) avec \(R = 1\);\((1+x)^\alpha = \sum_{n=0}^{+\infty} \alpha^n x^n\) avec \(R = +\infty\);\((1+x)^\alpha = 1 + \alpha x\) avec \(R = \alpha\);\((1+x)^\alpha = \sum_{n=0}^{+\infty} \frac{x^n}{\alpha!}\) avec \(R = 1\);
Définition de l'ensemble \(\mathcal{CM}_T\) :;L'ensemble des fonctions de \(\mathbb{R}\) dans \(\mathbb{C}\), \(T\)-périodiques et continues par morceaux;L'ensemble des fonctions continues de moyenne nulle;L'ensemble des polynômes trigonométriques de période \(2\pi\);L'ensemble des fonctions intégrables sur \(\mathbb{R}\);
Propriété d'invariance par translation de l'intégrale d'une fonction \(T\)-périodique :;Pour tout \(a \in \mathbb{R}\), \(\int_a^{a+T} f(t)dt\) est constante indépendante de \(a\) (notée \(\int_{[T]} f(t)dt\));\(\int_a^{a+T} f(t)dt = T f(a)\);\(\int_a^{a+T} f(t)dt = 0\) toujours;L'intégrale dépend linéairement de \(a\);
Définition des coefficients de Fourier exponentiels \(c_n[f]\) (pour \(n \in \mathbb{Z}\)) :;\(c_n[f] = \frac{1}{T} \int_{[T]} f(t) e^{-i n \frac{2\pi}{T} t} dt\);\(c_n[f] = \frac{2}{T} \int_{[T]} f(t) e^{i n \frac{2\pi}{T} t} dt\);\(c_n[f] = \int_0^T f(t) \cos(nt) dt\);\(c_n[f] = \frac{1}{2\pi} \int_{-\pi}^\pi f(t) dt\);
Signification physique du coefficient \(c_0[f]\) :;\(c_0[f] = \frac{1}{T} \int_{[T]} f(t)dt\), qui représente la valeur moyenne du signal \(f\);L'énergie totale du signal;La fréquence fondamentale du signal;L'amplitude crête à crête de \(f\);
Définition des coefficients de Fourier trigonométriques \(a_n[f]\) et \(b_n[f]\) (pour \(n \ge 1\)) :;\(a_n = \frac{2}{T}\int_{[T]} f(t)\cos\left(n\frac{2\pi}{T}t\right)dt\) et \(b_n = \frac{2}{T}\int_{[T]} f(t)\sin\left(n\frac{2\pi}{T}t\right)dt\);\(a_n = \frac{1}{T}\int_{[T]} f(t)\cos(nt)dt\) et \(b_n = \frac{1}{T}\int_{[T]} f(t)\sin(nt)dt\);\(a_n = c_n + c_{-n}\) et \(b_n = c_n - c_{-n}\);\(a_n = \int_0^T f(t)dt\) et \(b_n = 0\);
Relations de passage entre coefficients exponentiels et trigonométriques :;\(a_n = c_n + c_{-n}\) et \(b_n = i(c_n - c_{-n})\) (ou \(c_n = \frac{a_n - ib_n}{2}\) pour \(n \ge 1\));\(c_n = a_n + ib_n\);\(a_n = \frac{c_n + c_{-n}}{2}\) et \(b_n = \frac{c_n - c_{-n}}{2i}\);\(c_n = \sqrt{a_n^2 + b_n^2}\);
Linéarité des coefficients de Fourier vis-à-vis de \(f\) :;\(c_n[f + \lambda g] = c_n[f] + \lambda c_n[g]\) pour tout \(\lambda \in \mathbb{C}\);\(c_n[fg] = c_n[f] c_n[g]\);\(c_n[f^2] = c_n[f]^2\);Les coefficients ne sont linéaires que pour les fonctions réelles;
Coefficients de Fourier de la conjuguée \(\bar{f}\) :;\(c_n[\bar{f}] = \overline{c_{-n}[f]}\), \(a_n[\bar{f}] = \overline{a_n[f]}\) et \(b_n[\bar{f}] = \overline{b_n[f]}\);\(c_n[\bar{f}] = -c_n[f]\);\(c_n[\bar{f}] = \overline{c_n[f]}\);\(a_n[\bar{f}] = -a_n[f]\);
Coefficients de Fourier pour une fonction paire ou impaire :;"Si \(f\) est paire, \(\forall n \ge 1, b_n[f] = 0\) ; si \(f\) est impaire, \(\forall n \ge 0, a_n[f] = 0\)";"Si \(f\) est paire, \(a_n = 0\) ; si \(f\) est impaire, \(b_n = 0\)";Si \(f\) est paire, tous les \(c_n\) sont imaginaires purs;Si \(f\) est impaire, \(c_0 = 1\);
Coefficients de Fourier d'une fonction translatée \(^a f : t \mapsto f(t+a)\) :;\(c_n[^a f] = e^{-i n \frac{2\pi}{T} a} c_n[f]\) (seule la phase est modifiée, pas l'amplitude);\(c_n[^a f] = c_n[f] + a\);\(c_n[^a f] = e^{i a n} + c_n[f]\);\(c_n[^a f] = a c_n[f]\);
Coefficients de Fourier de la dérivée \(f'\) (pour \(f \in \mathcal{CM}_T^1\) continue) :;\(c_n[f'] = i n \frac{2\pi}{T} c_n[f]\), \(a_n[f'] = n \frac{2\pi}{T} b_n[f]\), et \(b_n[f'] = -n \frac{2\pi}{T} a_n[f]\);\(c_n[f'] = -i n \frac{2\pi}{T} c_n[f]\);\(c_n[f'] = n c_n[f]\);\(c_n[f'] = \frac{1}{in\omega} c_n[f]\);
Définition de la norme quadratique (norme 2) d'une fonction \(T\)-périodique :;\(\|f\|_2 = \sqrt{\frac{1}{T} \int_{[T]} |f(t)|^2 dt}\);\(\|f\|_2 = \frac{1}{T} \int_{[T]} |f(t)| dt\);\(\|f\|_2 = \sup_{t \in [T]} |f(t)|\);\(\|f\|_2 = \int_0^T f(t)^2 dt\);
Théorème de convergence en norme quadratique (norme 2) :;Pour \(f \in \mathcal{C}_T\), \(\lim_{N \to +\infty} \|f - S_N[f]\|_2 = 0\) où \(S_N[f]\) est la somme partielle de Fourier;\(S_N[f]\) converge uniformément vers \(f\) pour toute fonction continue par morceaux;La norme 2 de \(S_N[f]\) tend vers 0;La convergence en norme 2 implique la convergence ponctuelle partout (faux);
Théorème de Parseval exponentiel (conservation de l'énergie) :;\(\frac{1}{T} \int_{[T]} |f(t)|^2 dt = \sum_{n=-\infty}^{+\infty} |c_n[f]|^2\);\(\int_{[T]} |f(t)|^2 dt = \left(\sum c_n[f]\right)^2\);\(\frac{1}{T} \int_{[T]} f(t)dt = \sum_{n=-\infty}^{+\infty} c_n[f]\);\(\sum_{n=-\infty}^{+\infty} |c_n[f]|^2 = 1\);
Théorème de Parseval trigonométrique (pour \(f\) à valeurs réelles) :;\(\frac{1}{T} \int_{[T]} f(t)^2 dt = a_0[f]^2 + \frac{1}{2} \sum_{n=1}^{+\infty} (a_n[f]^2 + b_n[f]^2)\);\(\frac{1}{T} \int_{[T]} f(t)^2 dt = \sum_{n=0}^{+\infty} (a_n[f] + b_n[f])^2\);\(\int_{[T]} f(t)^2 dt = \sum_{n=1}^{+\infty} (a_n^2 + b_n^2)\);\(\frac{1}{T} \int_{[T]} f(t)^2 dt = 2a_0[f]^2 + \sum_{n=1}^{+\infty} a_n[f]^2\);
Théorème de convergence normale des séries de Fourier :;Si \(f\) est \(T\)-périodique, continue et \(\mathcal{C}^1\) par morceaux sur \(\mathbb{R}\), alors sa série de Fourier converge normalement vers \(f\);La série converge normalement dès que \(f\) est continue par morceaux;La convergence normale n'a lieu que pour les signaux constants;Si \(f\) est discontinue, la série converge normalement;
Théorème de Dirichlet (convergence simple des séries de Fourier) :;Si \(f\) est \(T\)-périodique et \(\mathcal{C}^1\) par morceaux sur \(\mathbb{R}\), la série de Fourier converge en tout \(t\) vers \(\tilde{f}(t) = \frac{f(t^+) + f(t^-)}{2}\);La série de Fourier converge vers \(f(t)\) même si \(f\) n'est pas \(\mathcal{C}^1\) par morceaux;La série de Fourier diverge en tout point de discontinuité de \(f\);La somme de Fourier vaut toujours 0 aux points de saut;
Définition d'une fonction positive intégrable sur un intervalle \(I\) :;\(f \in \mathcal{CM}(I, \mathbb{R}_+)\) est intégrable s'il existe \(M \in \mathbb{R}_+\) t.q. \(\forall J \subset I\) (segment), \(\int_J f(t)dt \le M\);\(\lim_{x \to +\infty} f(x) = 0\);\(f\) est bornée sur \(I\);\(\int_I f(t)dt = 1\);
Définition de l'intégrale d'une fonction positive intégrable sur \(I\) :;\(\int_I f(t)dt = \sup_{J \subset I, J \text{ segment}} \int_J f(t)dt\);\(\int_I f(t)dt = \lim_{x \to +\infty} f(x)\);\(\int_I f(t)dt = \inf_{J \subset I} \int_J f(t)dt\);La moyenne des valeurs prises par \(f\) sur \(I\);
Caractérisation de l'intégrabilité sur \([a, b[\) (avec \(b \le +\infty\)) :;\(f \ge 0\) est intégrable sur \([a, b[ \iff F(x) = \int_a^x f(t)dt\) admet une limite finie en \(b^-\);\(f\) est intégrable si et seulement si \(f(b) = 0\);\(f\) est intégrable si et seulement si \(f\) est bornée sur \([a, b[\);\(f\) est intégrable si et seulement si \(F'(x) \to 0\);
Règle de Riemann pour l'intégrabilité sur \([1, +\infty[\) :;\(t \mapsto \frac{1}{t^\alpha}\) est intégrable sur \([1, +\infty[ \iff \alpha > 1\);\(t \mapsto \frac{1}{t^\alpha}\) est intégrable sur \([1, +\infty[ \iff \alpha < 1\);\(t \mapsto \frac{1}{t^\alpha}\) est intégrable sur \([1, +\infty[ \iff \alpha \ge 1\);\(t \mapsto \frac{1}{t^\alpha}\) est intégrable pour tout \(\alpha > 0\);
Règle de Riemann pour l'intégrabilité sur \(]0, 1]\) :;\(t \mapsto \frac{1}{t^\alpha}\) est intégrable sur \(]0, 1] \iff \alpha < 1\);\(t \mapsto \frac{1}{t^\alpha}\) est intégrable sur \(]0, 1] \iff \alpha > 1\);\(t \mapsto \frac{1}{t^\alpha}\) est intégrable sur \(]0, 1] \iff \alpha \le 1\);\(t \mapsto \frac{1}{t^\alpha}\) n'est jamais intégrable en 0;
Intégrabilité des fonctions exponentielles sur \([0, +\infty[\) :;\(t \mapsto e^{-\alpha t}\) est intégrable sur \([0, +\infty[ \iff \alpha > 0\);\(t \mapsto e^{-\alpha t}\) est intégrable sur \([0, +\infty[ \iff \alpha \ge 0\);\(t \mapsto e^{-\alpha t}\) est intégrable sur \([0, +\infty[ \iff \alpha < 0\);\(t \mapsto e^{-\alpha t}\) est intégrable pour tout \(\alpha \in \mathbb{R}\);
Critère de comparaison par inégalité (pour \(0 \le f \le g\) sur \([a, b[\)) :;Si \(g\) est intégrable sur \([a, b[\), alors \(f\) est intégrable sur \([a, b[\);Si \(f\) est intégrable, alors \(g\) est intégrable;\(\int f = \int g\);Si \(g\) n'est pas intégrable, alors \(f\) n'est pas intégrable;
Critère de comparaison par domination / négligeabilité :;Si \(f(x) = \mathcal{O}_b(g(x))\) ou \(f(x) = o_b(g(x))\) avec \(g \ge 0\), alors \(g\) intégrable \(\implies f\) intégrable;Si \(f = o(g)\), alors \(f\) et \(g\) ne peuvent pas être intégrables simultanément;Si \(f = \mathcal{O}(g)\), alors \(\int f = \int g\);Le critère s'applique même si \(g\) change de signe indéfiniment;
Critère de comparaison par équivalents pour l'intégrabilité :;Si \(f(x) \sim_b g(x)\) au voisinage de la borne \(b\) avec \(f, g \ge 0\), alors \(f\) intégrable \(\iff g\) intégrable;Si \(f \sim g\), alors les intégrales ont la même valeur;L'équivalence fonctionne même si \(f\) change de signe indéfiniment;Si \(f(x) = o(g(x))\), alors \(f\) et \(g\) sont de même nature;
Lien entre limite en \(+\infty\) et intégrabilité sur \([a, +\infty[\) :;Si \(f\) est intégrable sur \([a, +\infty[\) ET \(\lim_{x \to +\infty} f(x) = l\), alors obligatoirement \(l = 0\);\(f\) intégrable sur \([a, +\infty[ \implies \lim_{x \to +\infty} f(x) = 0\) (faux si la limite n'existe pas);\(\lim_{x \to +\infty} f(x) = 0 \implies f\) est intégrable sur \([a, +\infty[\) (faux, ex: \(1/x\));Une fonction intégrable est obligatoirement décroissante;
Définition de l'intégrabilité d'une fonction non positive (espace \(L^1(I)\)) :;\(f \in \mathcal{CM}(I, \mathbb{R})\) est intégrable sur \(I \iff |f|\) est intégrable sur \(I\);\(f\) est intégrable si et seulement si \(\int_I f(t)dt\) converge;\(f\) est intégrable si \(f^2\) est intégrable;L'intégrabilité d'une fonction à signe quelconque n'est pas définie;
Inégalité triangulaire pour l'intégrale sur un intervalle \(I\) :;\(\left| \int_I f(t)dt \right| \le \int_I |f(t)|dt\);\(\left| \int_I f(t)dt \right| \ge \int_I |f(t)|dt\);\(\int_I |f(t)|dt = \left| \int_I f(t)dt \right|\);\(\left| \int_I f(t)dt \right| \le \sup_I |f|\);
Formule du changement de variable sur un intervalle \(I\) :;Si \(\varphi : J \to I\) est une bijection de classe \(\mathcal{C}^1\), alors \(\int_J (f \circ \varphi)(t) |\varphi'(t)| dt = \int_I f(x)dx\);\(\int_J (f \circ \varphi)(t) dt = \int_I f(x)dx\);\(\int_J f(\varphi(t)) \varphi'(t) dt = \varphi(b) - \varphi(a)\);Le changement de variable sur un intervalle infini est interdit;
Définition d'une intégrale impropre convergente vs absolument convergente :;"\(\int_a^b f(t)dt\) converge si \(x \mapsto \int_a^x f(t)dt\) admet une limite finie en \(b\) ; elle est absolument convergente si \(\int_a^b |f(t)|dt\) converge";Toute intégrale convergente est absolument convergente;La convergence absolue n'a de sens que sur un segment;Une intégrale convergente est toujours positive;
Lien entre intégrabilité et convergence de l'intégrale impropre :;\(f\) intégrable sur \(I \iff \int_I f(t)dt\) est absolument convergente \(\implies \int_I f(t)dt\) converge (pas de réciproque);\(\int_I f(t)dt\) converge \(\implies f\) intégrable sur \(I\);Intégrabilité et semi-convergence sont équivalentes;Une intégrale semi-convergente est absolument convergente;
Exemple classique d'intégrale semi-convergente (convergente mais non absolument convergente) :;\(\int_\pi^{+\infty} \frac{\sin x}{x} dx\);\(\int_1^{+\infty} \frac{1}{x^2} dx\);\(\int_0^{+\infty} e^{-x} dx\);\(\int_0^1 \frac{1}{\sqrt{x}} dx\);
